y,prediction
1.4677097526053993,2.5891223819598395
0.9932517730102834,1.2585197414323352
1.4403615823901663,1.8067106382932367
3.160259766547477,3.0621668679288034
2.099106721377696,2.6353110484571562
2.7623390044695593,3.046422173677004
2.0222831278398874,1.9529571793000007
3.3083171972177525,2.801045840501655
2.1728559863192616,2.549237435138557
3.2958368660043287,1.3980992233462841
0.4054651081081644,1.6271218913412009
3.1346735347177206,2.343819336950787
1.8458266904983307,1.2872839534263196
3.1630610457618045,2.6368964608874075
0.8329091229351039,2.0058425863610068
3.075774981227528,2.5854193219876933
3.3524959709504683,3.1223594767975937
2.774900861998161,2.7261655708801262
2.65155749237949,2.8915201881764574
3.044368816093195,3.150661622185695
2.1671471220989416,2.485573690602586
3.1615245283967357,3.1225310925029675
1.3862943611198906,1.6264695311700308
2.571558766849211,2.5753467529542595
2.591639849257799,2.254859247734877
2.0689702418125404,2.0824497041521073
3.784412425497661,2.9724137522119567
1.9459101490553128,1.2789358557438413
1.7346010553881064,1.2585197414323352
1.7047480922384253,1.7245867399992367
0.5877866649021191,1.310101131915959
3.3376095541703643,3.0470450567250653
3.754775748711968,2.9724137522119567
2.872590075619986,3.146280081445942
3.052013109452581,3.3381285465595214
3.449151774784191,2.7602776914773584
3.106729049526016,2.486037706772822
3.1642558661965174,3.140935617490283
3.5372170848073563,3.010445042645799
1.829499797210902,2.310262522361032
2.2114596931580914,2.78796125750213
2.623632859289627,2.1770231894074135
3.1917384272831097,3.0922892530229245
1.992430164690206,1.831968823552093
0.4054651081081644,1.598230317193011
1.9459101490553128,1.2739461069452163
2.922632620114386,3.0454138632429615
1.8471286044955293,2.6921628672941127
1.203972804325936,2.5375943766783196
1.01160091167848,1.7580755006973954
2.3353749158170367,1.4112352478608592
3.631374959633745,3.0256301150468206
3.5973122605884464,2.745358715814306
3.2332958504269524,3.1050570759029155
2.573013917298267,1.7084394327688297
2.961830721878309,1.9829908139940293
2.9347497632756387,3.147406393787201
3.0445224377234235,2.0911039568429195
1.756041386625976,2.010543713735037
2.10684051586795,2.1421025812029026
2.8997835920785118,2.774283192454913
1.6863989535702288,1.330051819742802
2.273597556120793,1.6147829923028847
3.018320065329399,2.712489733119365
2.828496354178077,2.1622113315374185
0.9162907318741552,1.350306652790943
0.6931471805599453,1.284691367639391
2.5249516434921637,3.109593674195631
3.455264602932431,2.2217957605676295
0.6931471805599453,1.7390809052260652
2.5016735096450677,2.81994834812412
1.996553881874068,2.217501983977967
1.7097858862683823,2.685526217995673
2.5617961070035307,3.15559751095471
3.4487657985812654,2.376280345948344
3.9324900845760142,3.0459030429443392
1.2809338454620642,1.3870086697304302
3.3855195689429256,2.8623884282952607
3.5256458134481563,3.1663135653768153
2.3978952727983707,2.38364617461945
1.9132393667657648,2.806742590036136
2.575440042997008,2.9703984449129552
1.8588987720656835,2.4850467702325933
1.2163953243244932,1.2616971395213294
1.4109869737102618,1.3194674397221906
3.3141860046725258,2.8756821577633644
3.227725440145184,2.303704773423162
1.4469189829363254,1.7519876784066146
3.194583132299156,1.9580627737856147
2.7758727974409707,3.1058340469784613
0.4700036292457356,1.302132778997578
1.6094379124341005,1.3049032860804048
3.2606072096892933,3.2061881968626516
0.5877866649021191,1.1285495035260484
2.2611118447874707,3.0793794232800966
2.1073503297969123,2.9285784186901527
1.9399399820688092,1.7531049911685774
1.5824092400461809,1.267036714624886
3.734805718094203,3.4948395859883634
4.237235173555302,2.96034562769833
1.1700712526502546,1.4254389940042151
2.943780867921891,3.1407168396472835
3.2698613796010685,3.139084529180689
4.0611923549052005,3.1374636928262687
2.962844406709156,2.4265006191760796
2.749293159636259,1.9580627737856147
3.715521385060357,2.7688566790421296
3.0910424533583165,1.6374991162485657
1.8607523407150064,2.9647110207541987
2.9957322735539913,1.6399173543079264
0.6931471805599453,1.1244400719040606
0.9162907318741552,1.2712604938550758
3.0982478370795863,2.207386196426126
2.9575110607337933,1.661289504454146
3.1663057987400354,3.010711455300507
2.844718744222986,2.593808481949964
2.772588722239781,2.567457546781514
0.1823215567939546,1.1082869171965914
3.415903529051851,2.3210284057258135
2.4621266214561803,1.7054826755924597
2.5721905187180965,3.189245520458411
2.120025614950902,2.9364885063337773
3.743823483857746,2.969162872085209
2.8726266921348054,2.9531531540213924
3.4052573702133158,3.1550034389799517
2.0947728524266247,2.159746274059323
3.414314438886441,3.115866738324449
2.079441541679836,1.2927248908480928
3.362080111434332,3.163159438235069
1.580450375560848,1.6925029152623368
3.4657359027997265,1.6220939018993121
1.2992829841302609,1.1813925766765059
3.6038523561849,3.0968037073692245
0.3184537311185346,1.2953955068091494
3.2761116265372934,3.1432736810445228
0.6190392084062235,1.124878411612059
2.3671236141316165,1.5447269123572918
2.525728644308256,1.4894282352244086
3.274667184496616,3.163514273951357
3.9180573934100815,3.2217440779593085
2.498699971920336,1.1370320173245432
2.7764079503067767,2.6053998252126256
0.9162907318741552,1.3405608524352957
0.6931471805599453,1.2363427125365973
0.15415067982725836,1.1146385413413842
2.380333845868423,2.567457546781514
0.7503055943998941,2.5321590419493143
0.6505875661411493,1.1909686379679119
1.0986122886681098,1.2454965856639006
2.894332159112261,2.550665209288587
2.6625878270254533,1.3311213252316034
1.550597412411167,1.1393993371902331
3.5177532727296437,3.1479190739105287
2.717309526515007,2.5876894529876786
3.9157004458740334,2.5860207519544254
3.5059327019260627,2.99769638553203
2.7874773347335315,2.6835854239873314
3.1135153092103742,2.654405532476643
1.4469189829363254,1.8534623184611672
0.4855078157817008,1.0360048956445163
2.624668592163159,2.387152491829183
1.69644928942373,2.2210273485542698
2.5915163848462583,2.406737425010869
3.2222036149608755,1.7477711009115464
2.0687918137631782,2.6080409597877887
3.9924502545407607,3.0630913055981406
2.505938972393741,3.1375996355459903
2.857795587461552,2.6113619256056024
1.9299098077088723,2.243243834853433
1.3437347467010947,2.5442757485728174
1.6810081049353522,2.3374514457280533
2.4796847058068487,2.5828000449360267
2.2395269570269094,2.057729396116777
1.3862943611198906,1.1127705452962195
2.1427363920521496,2.1952060768032915
1.8718021769015916,1.0825132844122312
2.778978520338552,3.225328468914598
4.307841736484505,3.099611099272728
2.8280851276892967,1.7926380001014832
3.649464844612953,3.144028545354158
0.4855078157817008,1.5583791453966065
3.0722723506763248,1.8632067611306495
2.9399359159122858,3.0207250164222135
0.9985288301111273,1.8638333868941122
2.293452609430773,2.5968037615212376
0.5596157879354227,1.1473874611877717
3.3484650310469837,2.853539596370303
2.6810215287142913,1.44768044663763
2.630272500059526,1.8505173178434964
2.846959264960851,2.1493233827577267
1.6582280766035324,1.5880229351455717
3.181164252762338,3.169066424677589
3.2035871323531104,3.127092156591943
2.682074714698949,2.677475115094295
2.8507065015037334,2.4630694294133697
3.923568996425207,2.909845657944203
2.3578477716690958,2.313594207875957
2.6687461511431803,2.6210261682242226
0.6931471805599453,1.2274236047593097
2.8716796248840124,1.8655654281701088
3.5263605246161616,2.0138285961582088
2.4423470353692043,2.094654493469692
2.9957322735539913,1.5103734735820424
2.6282171150623936,2.5995038061748046
1.791759469228055,1.8761019907513865
1.5686159179138452,2.1579550456043055
2.8684669225081145,2.7922691280022796
0.4855078157817008,1.033503286709013
0.6931471805599453,1.4406251735432423
3.4274522504677853,3.09104894571142
2.4336133554004498,2.4001717053042455
3.62092425004395,2.6380435192902745
3.1487834480478325,2.213901285903354
0.9444616088408512,1.3311213252316034
2.3743092737924907,2.51846521636184
2.5070945647633627,2.486066166703714
2.9241851222619433,1.9310355555661445
3.133735973717953,3.0767073197410957
0.6286086594223741,2.563782856066836
3.0140814122221875,2.7274741498515747
1.5404450409471488,1.567350828227911
1.840549633397487,2.616078972510993
1.4816045409242156,1.3934795330860155
1.7346010553881064,2.1057631043303315
3.458498235499496,3.13482298697833
1.7414976344471669,2.5929047219620256
2.187800803354342,2.7106021356911043
2.9766884492031163,3.1187268885800394
2.079441541679836,1.315320634453164
1.9459101490553128,1.583627556393028
1.2992829841302609,1.5332276699639382
1.8012382131825988,2.0759563189853636
2.03688192726104,1.3158629187581843
0.7884573603642703,1.2191552169651612
2.8998505018507084,2.5886733636981094
2.7981520357993968,2.958930798258401
2.474435349920705,1.7087114920212043
3.3546090926606764,3.0241391208094184
2.4992953872401,2.6047728803653794
0.3794896217049038,1.2622012281696775
3.1153654484985362,2.708816087767251
2.159484249353373,2.0809972516688693
0.43078291609245417,1.8539479418726335
0.6061358035703156,1.2209115345461479
2.079441541679836,1.777199355323238
3.5470504258075577,3.122769727532713
0.579818495252942,1.870930752689115
3.0730958101674792,3.111293218466759
2.8158116782975746,3.1431216791645418
1.6640589969143256,2.648028988120932
3.0672859659026166,3.1300397406017666
0.5596157879354227,1.29830968136334
2.06746535063312,2.6597696888950155
2.7946646739389807,2.533635887082169
2.9476582560523634,3.1118448184403356
3.351457399469757,3.160004200678396
3.361494832014205,3.1879371593398433
2.1559816188021705,2.0663761972488346
2.5649493574615367,2.5625699237623216
4.2930330964802605,3.1015001665549233
2.3978952727983707,2.5945337251899927
3.537194866781872,2.0948299700172974
3.8669372391024974,2.9882983988708425
1.9901260162053558,2.965383864659824
2.4868205259702845,2.9659018676361457
1.3217558399823195,1.2716697338888703
1.986292486500999,3.114885110920606
4.042607020825911,3.108200856152266
2.657130110674953,1.9836804511684187
3.9288044823901496,1.8074301839565292
2.7463772826350583,3.1798784774645457
2.5902671654458267,1.577815744266479
3.3167800398495717,1.8034802942324628
0.6931471805599453,1.2984891411042327
3.4336402834062114,3.067344015308943
3.4446824936018943,1.845819643737078
2.2284771208403242,1.281467812148061
3.5695326964813705,2.5948476595245036
3.2356077888454133,3.0279392088083315
3.100092288878234,3.0786454300759374
0.5978370007556205,2.2620706759284426
3.3515578002362343,2.723605965598212
3.3163575581860334,2.983200874626422
2.5349170703626616,2.0906606214209225
3.41736231851551,3.2075372679178304
1.01160091167848,1.124878411612059
1.2527629684953678,1.9786552342813422
3.6711105782381637,3.1958164995044642
2.5084371471981943,2.4756838808620403
1.3437347467010947,1.603895444852165
2.546464542787434,2.5627887966381913
2.3695245756691548,2.714052044956293
1.023388867430522,2.5134996076602705
3.485188328726542,2.9088849133179693
3.1066542188304287,2.3976030562895003
2.338303175596125,1.8074416744915003
0.9808292530117264,2.1628815183655377
2.6904895032475293,3.112269020094507
0.6931471805599453,1.0733426815384437
1.6365188710367709,1.8819741997082071
3.212890204797261,3.310424857928896
2.94144668783258,3.1716713709524686
4.123814696260005,3.0958417594461123
3.5899415681125766,3.223642539519325
1.123183549398615,1.9388948676347026
1.0986122886681098,1.290044449552834
3.461517171895678,3.10053949507987
2.6660701288613278,2.533338264101713
1.0986122886681098,1.6614654283521544
2.2807262991815467,2.295060811622333
1.6582280766035324,1.4309023194749388
2.1288749995350096,2.527491775541082
0.5596157879354227,1.124878411612059
2.1157077196642304,1.9828050875127352
2.4672070726885997,2.5278074647460445
3.240185611454952,2.5765222445499374
3.829345657295909,3.2025848362978375
2.6756467770475507,2.577371357337193
0.9555114450274363,1.292458005038224
2.746325175918066,2.994474178066594
1.1394342831883648,1.3024696675609477
2.1041341542702074,1.9154461955932525
3.7923677803621536,3.413974367331668
2.9317114177573447,3.0821824889263616
3.120895416507997,3.0810092802760085
3.343458849296013,3.146443898826421
3.0510122486287954,3.0527173507153713
2.9654923883642725,2.1256052039781546
3.0646144378061115,3.0752329010266664
3.7046443628518735,3.262414189228255
3.118534140322317,3.0210982262209027
2.785011242238338,3.104319470210916
4.241749853909828,2.9809733496548705
3.0801909278421866,3.1701313024750313
1.0986122886681098,1.2778133669668987
2.1019143975318944,2.619028177687764
3.07856827913314,2.6025736356224742
1.8562979903656265,1.3524871156890557
1.9892904446855384,2.7664293778930062
1.2237754316221157,1.1274225877064683
1.203972804325936,1.5775852053063526
0.6757554378480762,1.2555660131295783
2.776889804139172,2.4541241087096806
1.7047480922384253,1.4103395146316768
1.349926716949016,1.4598798591727937
1.029619417181158,2.138512556546541
2.5844362451350333,2.5287835502843694
1.1349799328389845,2.048649557456806
2.26176309847379,2.1007443372090675
3.4648426468225115,2.7392401371342237
2.6659045796514467,1.6415050082454359
0.5877866649021191,1.124878411612059
3.1784443790738632,3.2345369679637415
1.9489450527504677,2.465389454468294
3.3557826618063795,3.091839310423174
0.6733445532637656,2.208712735334871
1.1786549963416462,1.1393993371902331
1.6776461624606338,1.7353981636407507
3.1269368406152944,3.122268421803119
1.9459101490553128,2.0891174622230952
0.8266785731844679,1.4887878638066008
0.5877866649021191,2.13388470915043
1.8565594624549704,2.9249946766086943
2.8777685857428392,2.980204012640298
2.10684051586795,1.7865959791284443
4.11330317252963,3.2267188229671664
2.4423470353692043,2.1947612761412274
0.0,1.2710405665602558
1.8317300375580925,2.6968260348136606
4.094580940901844,2.988860860040558
2.941059455841788,2.8297947784830306
3.011735444311024,3.0706039911299974
3.6654046249041534,3.0815245472017914
2.859600099229411,3.0540592970090814
3.3309033866885267,3.2273314837767035
2.9945915580387865,3.1211206749493403
2.9444389791664403,1.7011051610716845
2.3705213007979493,3.0761228544975587
2.3353749158170367,1.7272132269293783
2.929287174145838,1.4130930461185862
3.02797979701445,2.967499520049284
2.9542590253474157,2.6443470715629225
1.1526795099383853,1.450865230429156
1.88706964903238,2.295060811622333
3.5207805978226867,2.9652263568882793
2.348331114782249,2.6263164609858167
0.5108256237659906,1.4112615038579697
2.162133257524949,1.6483059503268
1.2527629684953678,1.5145764523029812
2.2437445929711117,2.6095391658819285
0.4353180712578455,1.4992468429764747
3.0998016334481977,2.626747025344363
2.19722457733622,1.8921906419578067
2.687104063103952,3.0166420834028775
2.3022402059411355,3.037941355627908
0.9614111671546248,1.925726977292844
2.7389239746571814,3.120511135292287
0.9555114450274363,1.5326161384843422
0.6931471805599453,1.1133977205626755
3.3117817445413427,3.0438413831128566
2.4147970836009742,3.069187449730271
2.6625878270254533,1.7450292839520558
1.8221569464124259,2.449972009409999
2.932499276210065,3.0128114736779024
1.7578579175523736,2.0311023427232673
2.4004173422310804,3.147884354624779
1.2527629684953678,1.8933574533272126
4.065995097881057,2.9995458073369
1.0986122886681098,1.372818486011393
2.869962886264957,2.0953507624819805
3.1124035803576833,3.188250404590078
0.9444616088408512,1.4853673117812423
1.9621466681029536,2.313633286830771
3.8638084331496723,3.0611861323404437
3.6370489585316235,2.8476208803665948
0.8649974374866045,1.6792135418806127
2.7444178452730847,1.9602169826184235
3.21458090058532,2.6243905475704796
2.4311905801390243,3.057476718180742
4.0403972378406445,2.971443372008938
1.1895840668738364,2.4477323690370256
3.256111125828013,3.1432542327667123
0.22314355131420974,1.8086688925914365
0.9718605830289658,1.6815004945565464
3.4540891002697416,3.252650990304442
2.7583710858232604,2.9908053884434764
2.5014359517392113,1.5976944789409568
0.6931471805599453,1.3036669033995287
0.4177352006999788,2.436059224011147
3.3003617606026188,3.085297370906255
2.0149030205422647,1.8261347246370412
3.5085108762326187,3.1771259886840895
2.8982769374032777,2.7211023019573535
1.8971199848858813,1.628797868547161
2.7168998163791924,3.1029291204164786
1.7199053654600711,2.2904276687439515
2.048596866328737,2.379965952850256
3.2705190580200387,2.4878313588860888
1.8666607774011728,1.2622012281696775
3.078233495065734,1.9622883494857857
1.01160091167848,1.789174037761394
1.6094379124341005,1.4014879763874486
2.518293665820737,3.202635758990229
3.0207888533913283,3.2016942823317036
2.7197563082666534,3.0599143453776216
3.1495789558108886,3.120115467084599
2.1323283932665977,2.956474567788897
2.3978952727983707,2.6047266999930607
1.2809338454620642,1.6399173543079264
1.791759469228055,2.623266093695113
2.6390573296152584,1.3201115837462543
1.1239300966523995,1.4741268727700285
2.302585092994046,3.039867180239856
1.992430164690206,1.811091602520631
3.213428918606069,3.0916892504500337
2.862200880929469,1.9844685207836512
2.649209701079277,2.9890060311609377
1.824549292051046,1.808590961345632
1.0986122886681098,1.7413361961082583
0.3566749439387324,1.2191552169651612
3.056643798255768,3.1022853843659046
3.470312569827138,3.045938409736936
1.9095425048844383,1.3064383497287393
2.602689685444384,2.7357676185993896
3.4177266836133664,1.8939493439493602
2.350087426979049,2.524133919776033
1.0560526742493137,1.4254389940042151
2.005333569526114,1.8766773458683703
2.368766999875347,2.1022987496332375
2.232761311613007,1.902496225684517
3.9891729931874162,3.174029035511966
4.0791503474811845,3.0723682885178083
2.7803708626818358,1.70649322065742
2.5649493574615367,1.3968962968722862
0.7972874398125424,2.4979580053515313
2.2008023986841034,2.51254280456077
3.876395827784995,2.650850001995316
3.481013819394688,3.0432326827876404
1.0986122886681098,1.531682704909191
2.2633643798407643,2.213901285903354
2.886883092508861,3.1974117218950404
0.7827593392496325,1.8486171723242986
2.3665166338398396,2.3543454564310276
1.92896059074154,1.912887903110273
2.26002547857525,1.9005047844765368
3.036554268074246,1.5319747780757567
2.28486631448142,3.1378497016259694
2.635650171293644,2.2330520134727534
2.94662956054626,2.382132217513811
1.7438913890335914,2.653072704465445
4.159371245439173,2.8795675516289485
3.58351893845611,3.148400824279123
2.4121472955055716,1.8566148100417414
3.2639071296169484,2.5033629260300527
3.2545535759451383,3.0572379162204046
2.727258474740477,2.6417591696393483
3.2572925409644466,3.203877421398759
3.2254117958479864,3.0783350462447543
2.544804791369069,1.9496163550996575
3.4404180948154366,2.803737382044062
2.2413743619491493,2.379169031063344
2.4383866341531077,1.7533326420946285
2.2203622327362127,3.2439564843633626
2.7684133508293005,3.012615567307768
2.477302050402781,2.656824256679301
3.1914528695771938,3.132413597260178
3.4170136711054404,2.6480851407495427
2.4918270926325743,2.5753053186063815
3.39379828083183,2.8067178144556806
2.2192034840549946,1.8921734576758102
2.617395832834079,1.4827400619577276
2.9553630750568662,3.106175802417631
2.3232337440293507,2.722884562259614
1.3862943611198906,1.0389346500734484
2.717528945056754,1.156940076407876
1.6094379124341005,1.3173976998873806
1.6299164437776412,2.467387000520434
3.1447606128692667,3.085205446935184
1.580450375560848,1.6679228823971015
1.1727202608218317,1.9598047375803738
3.677780857873351,3.139137010823467
1.861187975659818,1.372818486011393
2.12389330425067,2.2165997905608887
2.4456859366347192,2.0675013358781165
2.873393421361747,2.2807920098906047
1.0397717886451758,2.4162485438561907
1.5627507984614473,1.9142863802552443
2.7990219793079367,1.7803970609877302
2.775708849576025,2.6125765576107973
2.8357900009829446,2.70743840305207
1.2878542883066382,1.526898741186308
3.6371593261138733,3.1917967403356995
3.0445224377234235,1.6595310618002872
3.0971661712088454,2.6629546988620385
2.991099711047257,2.952154407304845
0.8109302162163288,1.9790702684791823
3.8612026920119296,3.1704445389656746
3.162912453671584,2.8101779668271236
3.0910424533583165,2.4210120226459235
2.093455785054648,3.055851301334979
1.970242249714844,2.5784352689273753
3.3531881624757953,2.708398449177924
1.488077055429833,1.294328079308866
2.8205979414261417,2.6327262600140844
3.430549593674683,3.133206509332504
2.5055259369907357,2.6325954557644295
0.8109302162163288,1.804089825556251
3.076807337536444,3.1149285717837207
1.838279484862948,2.533338264101713
2.5036599105065545,2.869104882659729
3.0033951462995603,2.530586833327228
0.7621400520468967,1.8784336307936904
2.302585092994046,1.3988591296351043
0.3566749439387324,1.323209620544261
3.2250108134357167,2.3302896852726795
2.2413743619491493,2.581206420038762
2.034227293368668,2.3170430951947525
1.2809338454620642,1.4910030777367962
3.152364344232635,2.562973728765756
3.01382601699669,3.138095817198805
3.387211139687416,2.776896772106784
2.274933561663536,2.5538362299155017
1.2527629684953678,1.6575456277909906
2.457449803554961,2.514861158093384
3.641626569263391,3.0663083251910837
2.954951288691516,3.0038188493546727
2.8522998099467567,2.5859974968528014
0.4595323293784402,1.4240828425306074
2.6579258139196416,2.2185006158939986
2.734367509419584,2.030763409044548
1.4816045409242156,1.5250096770015795
1.0414538748281608,1.6572696982161927
2.4598198153582653,2.3585367320707764
2.838441354802114,2.694235364546949
4.111942430615149,2.7732800844138774
2.9369289089080786,3.1006355180191036
3.1486812202111034,3.207695731491615
3.5758364422840936,3.0827837179815347
2.866547272537359,3.2252488615203596
2.4959564859745846,2.623693827089116
0.7884573603642703,1.3607758387936553
1.5973479551561818,2.628463218660806
2.277267285009756,2.155873503653137
2.3978952727983707,2.291201738681294
1.7165360479904674,2.403383706365539
3.317815772723105,1.7202717949735225
3.072075840141325,2.907202228918284
0.24116205681688804,1.8074416744915003
3.1294559553820678,3.117661964015042
1.5475625087160132,1.7939373321855476
0.5596157879354227,1.2406380599940305
2.4146854768243573,3.214508681218798
2.8877844343312136,2.7182593242476907
1.8887517352153649,1.9366287556069075
2.3209342316622417,2.928071669642823
2.8572195505792637,2.653710913121143
2.0583881324820035,1.1277616584511705
1.0498221244986776,1.571924273964271
2.8451466598912285,2.997443272174775
3.022299300938713,2.6232281094654057
2.779509165084355,2.5900540978568456
2.6559211356672634,2.1492853471452276
1.8375690052593487,2.4990858382788446
1.3437347467010947,1.9114953268847978
3.5983654465731045,2.8927010360016876
0.0,1.6581377651098461
0.28768207245178085,1.2042561402317542
0.5389965007326871,1.311877032286195
2.0309599718655758,2.9825663510232623
1.7909130874593735,3.023882100909699
3.4814254289711037,3.035887055319362
2.0475339240164905,2.9742310906871516
3.229533119342189,3.07408888330608
2.203429995945794,2.9453284823949732
3.774887241255948,2.770700775547346
2.08852933578694,3.005324622805875
3.0735457777509367,3.1196656786586363
1.3862943611198906,1.261950732615956
2.9738123621451056,2.963708960952256
2.1162555148025524,2.464212806051328
0.4054651081081644,1.1127705452962195
1.736189618073244,2.6415524553289638
3.188310330515135,2.965416807148368
2.6178251095094844,2.941751272730023
2.660259537265861,2.3951026027266575
3.0776962114054216,2.6179497641896807
2.3705635083960264,3.1395322698075674
1.668062755781624,2.5426122379112686
2.8373328143514547,3.0766304308455883
2.544305029881191,2.5255867786858137
0.0,1.1241620230176628
1.8897398775882588,2.4776832235369834
2.2472349979108808,2.206447515445083
0.4054651081081644,1.0948552722107872
1.5040773967762742,1.6022084720680354
3.278858529469911,1.9239302395878337
4.000844823117465,3.1062392492684188
2.721987708945992,2.550360551987449
3.7697315507430313,3.019254007492197
1.6739764335716716,1.289042637149858
3.337293579682675,2.5480068578987867
3.152917857076404,2.5621306790574447
2.5299854137453424,3.223793813946133
2.1009477469008,2.8254660129432327
3.9807898626752394,3.2471291838721346
2.8968864389173583,2.4760833425846007
1.2417131323087829,2.369541372148924
1.0986122886681098,1.637262189552819
0.8909729238898652,1.6494190027852982
2.754035314344033,2.500951786030167
2.3638287182347644,2.1355155125392535
1.9259316821244266,1.8568174562479618
1.9618785522340445,2.483086330745672
2.1999309389339623,2.6119251545538464
2.2031947443227238,3.0210141885214314
2.8280095161811887,2.834647489523415
2.344134095906918,2.253047925875177
2.706027955721442,2.6444052646765335
2.8969637395783177,2.6741621625508634
4.1614353142999,3.1998816110595953
2.7080502011022096,1.2944188534986498
1.6426819710132547,3.1099449583543035
3.7139606803301066,3.2328854496299755
2.6262201828545777,2.5977720346290427
2.9129898464839368,2.449225832785504
3.126133773169587,2.166200575569616
0.9808292530117264,1.6141114436830648
2.0149030205422647,1.595599691137057
0.7884573603642703,1.072694409793169
3.6635616461296463,2.7744027338269444
3.6008285759912018,2.943634425254901
2.7142326010105275,2.6139816373412
1.0986122886681098,1.7221734168295573
2.605396047042127,2.8218648000158493
4.032512402682273,3.2315229965998045
2.5437471498109336,2.2631419396244166
3.47110937086087,3.0940677450927225
3.1904463117469,3.1202437118389748
0.7503055943998941,1.3639639382869162
3.8585552517076027,3.1230156828463986
0.8472978603872034,1.4709469745716222
3.045420506935108,2.592903873412732
2.496806103697741,3.099791855166089
3.283626187972457,3.0955174267587005
4.1496946573052655,3.0699252274060083
1.0775588794702773,2.0166351019526565
2.676444861686879,2.086466947430199
2.150640812617698,3.0497013130569726
3.468661307128832,2.689235578262882
2.8858262955244904,2.957632309270687
2.1019143975318944,2.7375970317943565
1.2878542883066382,1.8446665744515933
3.2032910938515027,3.1607234438124547
3.3055362630930425,3.0554550048489473
2.161230974688314,2.063445638142512
3.382209683265378,3.067835215428974
3.2349241368453376,3.124144506624285
2.152772814765385,1.7805803576688577
2.079441541679836,1.8428858272543178
2.448495938367609,3.133450835176374
1.749199854809259,1.1241620230176628
3.3329482811280484,3.0664667778577153
2.6039796881040496,2.8178233210603305
2.0501711593797225,2.2981460488192376
2.9957322735539913,2.2974320721911066
0.6418538861723947,1.6672451365047243
3.1111908851188192,3.0677551063237214
2.9070852388699047,2.7441017257206832
4.047690668817412,3.1553743274096537
2.94773161487544,3.0668278568123855
2.940382178470826,2.559619565904921
2.3734891804219838,2.8955130498390247
1.3862943611198906,2.19919550540935
3.8203817625116785,3.096193538086209
0.7621400520468967,1.5441468745470175
3.529919247233156,2.241177405213281
0.8472978603872034,2.179101043211391
1.2729656758128876,1.7767176174750707
2.888312024933154,2.58924078201243
2.3535051834213028,2.229265747690869
2.8747957747143773,3.0811645954648084
0.4924764850977941,1.886669139016567
2.928523523860541,2.6268249919673625
1.6563214983329508,1.7127542042142907
3.0445224377234235,2.687408977898879
3.2364974262180204,3.093198470288657
1.3862943611198906,1.658503634216986
3.1141157295226183,3.1868000755669215
2.3353749158170367,2.7103456784385385
0.1823215567939546,1.2419524084575788
3.0028497413228545,2.2900637359373213
1.6608410908940652,2.582263874152914
2.6298576327168357,2.5991313622911467
2.653241964607215,2.196758585785018
2.151762203259462,1.7044998974219228
2.824460552946621,2.356221115278539
4.3054155323020415,2.859250433825352
3.11391718078911,2.990481058157276
3.031646723363377,2.4923431394547975
3.695242147901765,3.08990883864171
3.2153139333018403,2.968460180041556
0.5877866649021191,1.5902590359897655
2.5999759795727875,3.0217326711365615
0.6190392084062235,1.6465629887293232
1.0986122886681098,1.287647602622933
1.6154802268900632,2.6290050641605514
2.7593434954897607,2.6577347825942486
2.550421256898627,2.1155843598172153
1.4007524442951205,2.7327453091011766
2.6686891272216298,2.712141167000375
3.0228962024948136,3.035580980905377
3.126173121302194,3.0605645818866947
1.642227735257091,1.236740583518829
3.4076282719924462,2.4077805972138764
3.059068148725802,1.702786637353372
0.5753641449035618,1.2365747656340123
2.160934575931019,2.423824185724971
0.5596157879354227,2.170415913973105
1.4469189829363254,1.959686493923445
2.19722457733622,2.5272605470282823
3.5889356506092023,3.2836432058144656
2.0777509242019283,2.508347783678308
3.4646248797507537,3.0292562900795423
2.7879405742488315,2.7922094506879676
1.988469763474109,2.6248905196012386
2.3075198932798937,2.8344681553025284
2.796119219649975,2.7300579828868043
3.1508223616231854,3.0078501050082793
1.2527629684953678,1.8303004298195762
2.0098904787187206,2.3102228407290175
3.1015781083186496,3.062267346385192
0.6190392084062235,1.6147829923028847
2.7907419169473235,2.5510556711623584
2.9734866646066718,2.2690239864907245
2.6550576709617,2.5322296375770668
2.7743059968792747,3.0497013130569726
0.5959834321062976,1.6904302741251613
1.1314021114911006,1.094067969910924
2.079441541679836,2.68904141388078
0.8472978603872034,1.1964463917927932
0.6931471805599453,1.2361515373535172
2.8304478555680332,3.0284100176725444
4.098720936821898,3.0691296092010325
2.2587824703356527,2.1992086588332707
2.8303812832564974,3.027259281330225
3.812041738890056,3.068762687705463
2.115250994376547,1.5473341322123924
2.8096536678823245,2.5667452134487503
2.234883680447966,2.8857493934417136
3.3362855932439137,3.115846970196947
2.8475386579020285,3.0751586749437227
1.1895840668738364,1.669129788374767
0.7621400520468967,1.4836856133670095
2.8799772894990774,2.9532366874396496
3.421588912353136,3.159126448568097
0.5753641449035618,1.815103267904521
3.106361901891829,2.9059644176780908
3.0529768163290085,3.0093868386254754
0.5306282510621704,1.8285751683011897
2.7474743937556343,3.089767965885537
3.1805708213571,3.0555291956787904
1.9252908618525773,1.8391090540715695
2.079441541679836,2.603160445338764
2.5055259369907357,1.1393993371902331
3.2198315433225964,3.0165075819243903
3.2213676874172057,2.922076606065146
2.9412440882699213,2.0689880472445905
2.7660687973443503,3.2352006974024587
1.0986122886681098,1.5466489668452978
2.119535998881714,2.60294159874298
2.2800793937229837,3.0874103241891646
2.7408400239252013,2.3298857444983074
3.7397682549402895,1.7801123937469008
0.4054651081081644,1.549745086878009
3.5455680324357743,3.14258312086421
2.19722457733622,2.116043148658953
3.0445224377234235,1.950776210072891
1.9197780087784653,2.5274281787599975
2.5305766866211887,3.007611340353942
3.4747412849845256,3.0917112919316856
3.9233867640784617,2.7824222353766315
2.350087426979049,2.3578443748267466
1.992430164690206,1.7408830980352974
4.2054439745489445,3.1084062188715564
3.688879454113936,3.00091413021815
2.6657724508917786,3.1460507232640293
1.4586150226995167,2.048439868727119
2.3978952727983707,1.4213822578268696
0.9555114450274363,2.1496015728169726
2.7908041621311224,3.0139408086361046
3.179339012378072,3.0445251982286736
3.1013644914278617,3.090942253299475
1.2909841813155658,2.0336971094365484
1.727220948090484,1.9050668434229179
2.408997686602676,2.609432375082439
2.330755969960742,2.25396272175644
2.3871424810221087,2.645473962377843
1.6094379124341005,1.8106573016681642
0.0,1.2830785304730257
2.7307416123042807,2.6630615158009876
2.0495403241329635,3.0675664625051096
2.6685193623455747,3.118479640152433
0.9162907318741552,2.078693800352343
1.7346010553881064,1.6115396401958235
2.9394925552311153,2.763472310537119
2.0457935075616027,2.5563508989720662
0.9886113934537812,1.7459728627328837
2.867114895731897,2.0827160520662082
0.7621400520468967,2.0036828660403603
2.5927640456444143,2.964145961734242
3.271385770140165,3.0908017331183357
1.203972804325936,1.5381029229059338
3.156447629538469,3.1547280467678114
1.0986122886681098,1.4254389940042151
1.9218125974762528,1.5472874739385993
2.9189451303402207,1.885971816414683
3.4008174424478583,3.146443898826421
1.4816045409242156,1.5802324690075016
0.3566749439387324,1.30743467211617
3.2855274963454684,2.754020145150896
0.6061358035703156,2.4016414325249946
3.707628640793229,3.2530980818132447
1.791759469228055,1.4979048874450585
3.0418734295518464,2.938522321526987
2.3571656612981817,2.024541616405444
2.829302724547343,3.062098839466124
2.9957322735539913,3.054659936502473
1.1075809586508705,2.272070954949296
2.8030564361353014,3.0201749720604094
3.3509355468812667,3.076388169125313
3.7674200961652167,3.118496805358559
1.3862943611198906,1.1557738611382553
3.291117650072682,3.2071839400629525
1.821612432377736,1.6672338449233015
1.7047480922384253,1.6028082042367258
1.8711444984826209,2.657454777543239
1.4350845252893227,1.6147829923028847
0.6418538861723947,1.814251847577529
3.3827747541091195,2.9016734159498734
2.6971805288653066,2.543255445675371
3.0969538006213733,2.281416205588842
2.742608718500461,3.076304084368087
2.8386009655885953,2.7451945521536505
2.531268824683871,3.0535504056157023
1.717651497074333,2.226361232257731
1.791759469228055,2.034063338371217
3.4436180975461075,1.769650912083008
2.5134311164978493,2.574354054543921
2.1097163059264283,2.90893212283331
1.824549292051046,1.124878411612059
3.2222036149608755,2.944608738795827
2.302585092994046,1.3023300505831856
2.4567357728213044,2.549534693301382
2.894332159112261,1.9222609599433502
1.7047480922384253,1.6155129407534625
2.576116419347831,2.653421723173449
3.84936650422844,3.0904610853960035
2.4519624940686464,2.5950813223682427
1.1526795099383853,1.5159307073189963
2.1400661634962708,1.961740822656322
2.5318636328757718,2.8702182998257184
2.510439951793165,2.575328122260495
1.0986122886681098,1.1682562725090118
2.345586528987233,2.5508786906900593
1.3862943611198906,1.229238787790313
1.0986122886681098,1.2781976610530963
3.0729968508891408,2.2934483848179585
3.0838867877629035,3.169111326999472
2.4409205016037503,2.877276941639554
3.299727921497296,2.1970884746114656
2.1862354557606243,2.319428413738631
1.9740810260220096,2.2113563294688663
2.4714836294558595,2.452066941953407
0.9932517730102834,1.6324029359907486
2.883777643800132,3.0613288511404395
2.900005340253324,3.185185749349118
2.278292400425001,2.963326467662079
1.9538153285624265,2.520654188498831
3.107615587083186,3.15593551689784
2.5276315944543417,2.07982619765185
1.3862943611198906,2.473783269924574
1.5404450409471488,3.1132134774058486
2.5975644192697698,3.172627701914239
2.7408400239252013,1.4966856089842124
2.0149030205422647,1.3630134505783635
2.169053700369523,1.4753828714762345
3.643090102149459,3.1541331126316576
1.8893979387919708,2.7484798943901385
2.1400661634962708,2.8416852332888913
2.7354491752903245,2.28952439364981
3.1698682457615064,2.7893962269181536
3.2958368660043287,2.4980364178158068
0.3364722366212129,1.3717873864844856
2.0039339891716907,2.6345599525423316
3.463570097597456,3.2042633044888937
2.2512917986064958,1.3563212114456435
1.6863989535702288,1.8763001677148274
2.8982769374032777,2.02250696958128
1.6582280766035324,1.9423162779229064
3.1943674058394693,2.6331080254978447
2.8764516381815084,3.0867570630349617
1.9459101490553128,2.035799005973912
1.2527629684953678,2.3579437012468505
1.586965056582042,1.3110977093197564
2.4892830243877992,3.1720041791272724
3.8706027458586383,3.1547939878324325
2.4522332888529883,3.0770095234744317
1.5040773967762742,1.4965119024216835
1.791759469228055,1.2799007235671997
1.7346010553881064,1.6903578186804333
3.299072366862477,2.876468882546784
1.167132235104866,1.9134548269641107
1.2527629684953678,1.8324336839472517
1.791759469228055,1.61883508303174
2.7698676321254205,2.1311955630421715
2.097141118779237,1.6507893909916782
2.0504540048065842,2.7115929325724286
2.371577964480997,2.5414296902304647
0.6931471805599453,1.1534599523964209
2.6390573296152584,2.2394791306941206
2.8516187715989307,3.1029291204164786
2.55930493984186,2.613563734327063
3.4736494233904303,3.181301454128077
2.8389637911846535,2.801045840501655
1.1786549963416462,1.1069460084843898
3.1878391310827427,3.148519752730701
3.033774898999841,3.107955337209128
1.8755293522935137,3.0568035924057537
0.5198754592859085,2.0769787121302126
2.9315977112181164,2.6310975825374543
2.26938702358445,3.135043060217156
2.5697832037318533,2.942820383694005
2.330130148549741,2.6248452377872296
1.9066894359020319,2.538571282417765
2.494662824733365,1.6399173543079264
0.8690378470236095,1.769349927707462
3.1183168712779747,3.1874718615800255
1.8718021769015916,1.1859335429734128
2.2512917986064958,2.5994025218167582
3.2165874943501884,2.428908050485086
2.5848175606782617,2.7850682862385114
2.4250836245965464,3.04119143905038
2.89573370103755,2.695457835192384
2.3643236452431347,2.4879778122300156
2.4000224109644144,2.941968007621403
2.7924184318254994,3.033302580266337
2.4259083090260445,2.01157219668225
1.634130525024472,1.7484914839343024
1.01160091167848,1.1241620230176628
1.1786549963416462,1.9363981737627873
3.8328194517392378,3.1576664844737756
1.4733057381095205,1.4542972050985044
2.459121532807755,3.0206502325007047
2.3997874209504086,2.5519926634149077
3.094532858298084,2.2206787858433734
0.4228568508200335,1.7734598304774918
2.911535114753236,3.145309501292078
3.5351453541718936,3.0831061706387937
3.720408401722599,2.544270915959448
3.574216545793796,1.9303893182025034
3.912023005428147,2.7208281408750055
3.3699448381580512,2.556738124871927
0.7884573603642703,1.310101131915959
3.719270087818945,3.0507862893687276
3.6093411035359066,3.234068649684426
3.406703666605177,3.0374091384266144
3.5585176362506927,2.1802445584902546
2.985300694844175,3.091093531630329
2.082042323379893,3.0341092511861776
1.791759469228055,1.3904243561039737
3.5402689546622934,3.249545437977031
3.14866269697602,2.7658305336007905
3.8289001621782086,3.0922535242767615
2.727468286959312,2.0100762972284247
2.3739495792020167,2.4422630727201167
2.5687881337687024,2.9477262818402687
2.6202809612494784,2.665423986321118
0.7884573603642703,1.3364134323829076
4.335540153017297,3.256990310742516
0.6286086594223741,1.887641920643381
1.8971199848858813,1.8141507125273288
3.4225366976971507,2.062088794045095
0.7985076962177716,1.8435968231856361
3.28366184012905,3.160898230061123
1.5040773967762742,1.6827277690076117
1.9252908618525773,1.3156916541097115
0.8472978603872034,1.7467785996550886
0.7537718023763802,1.867607671884869
3.7431490840479933,3.1746496352198577
2.6044518004377832,1.984436990546565
2.1384308401555403,3.2023329815572987
3.1974576074946195,3.1212263132601255
2.2948630469001348,2.622125219094757
2.159484249353373,1.1127705452962195
2.523822066037674,2.606411943635657
3.9067919560105935,2.157744462847419
1.0986122886681098,1.2191552169651612
3.05460316825178,2.9805389809971645
2.111655161663491,3.052064043563201
4.477336814478207,3.1140737538509256
3.688879454113936,1.4482554202322953
1.550597412411167,2.721390549213347
0.8754687373538999,2.0592885949911723
1.5755363607584192,1.2746953589418881
2.7442194128882686,2.999364499396416
2.353137372156877,2.6583812706889907
2.4849066497880004,1.1393993371902331
0.7472144018302211,2.181328594560659
2.655703720730001,3.0262522412911412
0.8938178760220965,1.916925932611139
2.2748663234722177,3.106175802417631
1.8479915282078732,2.575417900146462
3.352713406692204,3.3044922747986454
1.1394342831883648,1.4254389940042151
0.6931471805599453,1.3732557225940216
2.988241601824833,2.9649489774768933
2.65572438210047,2.599895938414039
2.465685016007047,2.8210646046279346
3.218875824868201,1.8592220731965066
3.1980351589963485,2.9323966872389047
2.2345316297490303,2.6717208908687917
2.6239670838916687,2.597175236928245
1.3312345839368631,1.5126256667536513
0.9162907318741552,1.4766599810935623
3.116718728927912,2.772102297613015
2.8534672009607136,2.439448384851262
2.7195777062732773,2.5902130293369705
3.100720626944775,3.1085044463852505
3.1756700389926693,3.09969659507163
1.148622709242771,1.5996900792643647
2.9502698994772336,2.034010942848951
2.2142741706623306,2.588386922236431
2.1400661634962708,1.6727885885228875
2.902436869448008,2.7612406428092067
1.6776461624606338,2.6573209531446587
2.9522060085041,2.5585915584011376
0.8823891801984738,2.1665620106847063
3.764516868319556,3.109388009111099
3.5751506887855933,3.16456567118677
2.5877640352277083,1.6642753111007016
3.5718773634406245,2.7601079083422966
2.2029064108036502,3.0111862840312575
1.3862943611198906,1.499587990640619
2.8799004580288683,2.0484328895424144
2.9918787042380015,3.1179036596694787
1.265666373331276,1.6599922686147672
1.0986122886681098,1.1241620230176628
2.5974485248544914,3.1510005188549224
0.6931471805599453,2.237781137872222
2.5535726704794293,2.6369625554417793
4.0241864157926495,3.115831073253136
1.157452788691043,2.0178627373059337
3.3663375165446623,2.7361530139029293
2.5952547069568657,2.585012403145516
3.830887747115469,3.1588412571935027
4.0031686815562315,2.476002960479917
1.0986122886681098,1.5450466557442963
1.3350010667323402,1.4463794249294297
0.8472978603872034,1.5345527741828466
1.1169614273363062,1.766981061706971
3.0128575230794543,2.6633212051913056
2.0940403411009885,2.1419410893891486
3.1624690993312474,3.188076366961446
2.419099057936336,2.8845688456319607
2.1432695832138084,2.654813870361426
3.103002728821288,3.178516475686194
3.0505169407476638,3.1067365515855325
0.5260930958967791,1.3311213252316034
3.435598808379488,2.1821632649853893
2.1400661634962708,1.6173172351221101
2.120263536200091,2.1628368629614165
3.3895918355418475,2.743219320307386
2.571757138674958,3.001262368206073
0.3794896217049038,2.0526959192365486
3.1677738997281963,3.174260964229341
1.6094379124341005,1.2914413308263448
2.694627180770069,1.4350934427373934
2.5866893440979433,2.527509167859221
3.1891273494674266,3.0257984499764925
3.262892710284975,3.0497013130569726
3.7478219897473855,3.192402116485662
2.028148247292285,1.7562231197705342
2.5501736435222244,3.1089929195837684
3.5718477184395105,3.027868657366616
2.0014800002101243,1.9132037500337473
1.5404450409471488,1.793337293236465
2.664699760228596,2.597727335139033
2.079441541679836,1.5022533912006817
3.1152232515555305,2.623445791417221
0.6418538861723947,1.6563609988280847
1.07880966137193,1.7991043843366978
3.562838733218572,3.1563474594992083
3.457550318213287,2.3100950249151433
1.791759469228055,1.1393993371902331
3.0445224377234235,2.5920350947767776
0.4054651081081644,1.1912501351980473
2.3573099926832923,1.9771406717624649
2.19722457733622,2.8741253204382957
1.9021075263969205,2.8199929737125498
2.692881979629038,2.6587748625560765
3.346105833848955,3.201593799164999
2.8244500370913403,3.033126437563902
3.281270615593852,2.997214744305384
3.6029107524254442,3.046422173677004
3.5512580762378887,3.051971698027484
1.927891643552635,2.526247315417399
0.9808292530117264,1.288068448906305
2.414289082574047,1.9168289148497963
3.125119991996113,3.132413597260178
2.9975163953474917,1.7340861696898575
2.916829049092784,2.9220448791382205
2.8400526477064574,3.168161864424508
0.6931471805599453,1.5153631281027078
0.20763936477824452,1.8074416744915003
2.764106907183872,2.662643656846808
1.9064513123147655,2.772773929435206
1.2992829841302609,1.3364134323829076
2.51627230906622,2.6083649977056442
3.1675825304806504,3.023455027117655
3.166679867563936,3.201034624933114
1.1451323043030026,1.9921101876670808
3.310669217592585,3.1897084631544916
2.6677603916981707,3.0827837179815347
3.248434627109745,2.352834094432769
2.6390573296152584,2.4557150864224866
0.8472978603872034,1.6954860141998376
2.862200880929469,2.9770463178231514
3.667217957332757,2.739659785949537
3.794443437442905,3.148964381370348
2.659366414253234,3.080544443468697
2.19722457733622,1.5834628990755673
1.3217558399823195,1.3671229177864035
1.2527629684953678,2.1382832162025602
2.772588722239781,3.201635351005863
3.638627826487242,3.2152679576819714
1.203972804325936,1.5390027663028443
2.7408400239252013,2.243338689480308
3.7746551022693526,3.100295068160763
2.4701788430777567,2.66041123624334
4.0016351641178325,3.16155589113954
4.469639118225628,3.143925797921989
2.052110647962865,2.606932036904692
1.7578579175523736,1.4753231421265367
1.3256697393034558,2.07228734894345
0.8754687373538999,1.0998978591329325
3.363586110916372,3.1748584752150535
2.03688192726104,1.3251614706205759
3.135961614862641,2.9327211687167525
0.4054651081081644,2.003204099982363
1.1939224684724346,1.4836856133670095
1.5546296759391054,1.8665591418800092
1.4350845252893227,1.5072249860634417
1.6536349581940668,2.748534565119815
1.4706981747024397,3.181932424489162
2.079441541679836,1.5088211596514718
1.1118575154181305,2.5371232689924375
3.528438708029197,3.214709480220585
1.3862943611198906,1.137390405922626
2.0412203288596382,1.3992076136012586
3.8140425970679424,2.6051608211780595
2.1400661634962708,1.6602730478843877
3.397022010251675,1.4992649326283565
