id,average_sentiment
ao5BbNX,-0.0547945205479452
a0RmAKX,-0.09302325581395349
ao5BrKX,-0.1566265060240964
a85rP0p,-0.14285714285714285
ayoyg4V,0.0
aroP6B5,-0.19469026548672566
am5DjQj,-0.08108108108108109
a1R4z4D,-0.08108108108108109
aV0GGOP,-0.08571428571428572
ae5XovO,-0.3111111111111111
aroPPN5,-0.1282051282051282
a0RmmjZ,0.09375
a2RQQdD,-0.10416666666666667
ae5XXZq,0.1276595744680851
a2RQQ8d,-0.22727272727272727
aZ799X3,-0.11538461538461539
a85rrZe,-0.023809523809523808
amvqq0y,-0.013333333333333334
agArryv,-0.0847457627118644
a3wvvA3,-0.34375
azm77Gp,-0.08888888888888889
aWxBBvq,0.1282051282051282
amvqqbX,-0.1346153846153846
agArrZK,-0.2571428571428571
aP766Vg,0.0
ayeEEz8,0.10714285714285714
a9njjoL,-0.04
aLw66qW,0.14705882352941177
aj9QQ2G,-0.03409090909090909
aZyqbbX,-0.18181818181818182
a3wvPEe,-0.1511627906976744
aMxe2zX,-0.18421052631578946
aVwjz9w,0.12195121951219512
a5WpeYy,-0.13761467889908258
a8GdWoY,0.058823529411764705
aYyjbQq,0.0
aD4R0YO,-0.037037037037037035
a2WENKw,-0.10526315789473684
aP76vdV,-0.23076923076923078
adVyNWB,0.015873015873015872
aZyqP50,0.061224489795918366
aj9Qr2g,-0.2
a8GdbLp,0.06666666666666667
a3wvdYe,-0.3333333333333333
aWxB066,0.14545454545454545
a2WEPKe,-0.19230769230769232
a1WpZWP,0.13513513513513514
aNgmoDb,-0.05172413793103448
aBm9QoP,-0.2
a9njMgD,0.041666666666666664
aAeBVAg,-0.32142857142857145
adVyYKV,0.16666666666666666
ax9EZzW,-0.17142857142857143
aNgmZ0v,-0.1357142857142857
aQd64oe,0.16901408450704225
aQd64zK,-0.28125
aeDK09W,-0.27906976744186046
a1WpeNP,0.1111111111111111
aGdKwyn,-0.12962962962962962
azm7EdZ,0.0
aP764ow,-0.22950819672131148
an4eKEq,-0.011235955056179775
aO7obpr,-0.14545454545454545
a7WvyBm,0.0975609756097561
a2WEYQY,-0.2608695652173913
aBm93q2,-0.5555555555555556
avz2LgO,0.038461538461538464
aXgZX9D,0.2426470588235294
aP76GBq,0.07894736842105263
a7Wvbrz,0.09009009009009009
aBm9rwZ,-0.125
an4eBOL,0.1282051282051282
aEPdzoO,0.0
azm7VZZ,-0.4166666666666667
aQd6nZK,-0.08571428571428572
a0NvYMX,-0.0847457627118644
aoPmjY0,-0.171875
azm7VDj,0.23214285714285715
aD4RmXZ,-0.14285714285714285
a2WEqnZ,-0.08
aYyjwzV,0.21428571428571427
aBm9rqz,0.020833333333333332
a6KrLYe,-0.0967741935483871
aK74qzQ,-0.28
aR76AjG,-0.42857142857142855
awBNxO1,0.515625
adVyjPM,0.06060606060606061
aO7oVP3,0.06976744186046512
aWxB6dK,-0.29411764705882354
a2WEmVO,-0.41935483870967744
avz2PXX,0.0967741935483871
aD4RGzx,-0.19148936170212766
a8Gd40V,-0.1509433962264151
aO7ovPE,-0.08823529411764706
aBm91Nz,0.0
ax9EDxK,0.0
aoPmpBn,0.08181818181818182
a8GdpLV,-0.3170731707317073
arV1Oq7,-0.02857142857142857
aQd6MOW,-0.025
aeDKYy5,0.12903225806451613
aWxB8KK,0.0
azm7roq,-0.171875
arV1bR7,0.19230769230769232
awBNnzQ,0.11764705882352941
a6KrbxA,-0.125
aQd69N2,0.09090909090909091
a0NvbMX,-0.21428571428571427
aYyjxX0,-0.20689655172413793
aQd6eed,-0.10465116279069768
aeDKeMb,-0.3684210526315789
an4ej95,-0.029411764705882353
aoPmOOg,-0.3333333333333333
arV15ny,0.11538461538461539
a6KrVDe,-0.2857142857142857
aVwjMov,-0.16216216216216217
aYyj4R2,0.010309278350515464
aK74Dyb,-0.23255813953488372
aeDKewO,-0.01694915254237288
aqn41wM,-0.25925925925925924
apGKQMM,-0.07142857142857142
amvq7qv,0.037037037037037035
aLw6j2v,-0.2191780821917808
a3wvKB8,0.140625
a2WE43w,-0.06451612903225806
aj9QEXG,0.0
aQd63eK,0.2857142857142857
aj9QEO0,0.16560509554140126
a6Kro9b,0.034482758620689655
aD4RxQN,-0.14285714285714285
aMxejoG,0.1
aqn47P7,-0.14285714285714285
aNgmYK6,-0.1951219512195122
an4e94b,-0.1320754716981132
aoPmexn,0.024390243902439025
azm79Dq,-0.1388888888888889
a1WpQBv,-0.08620689655172414
aoPmeAA,0.07692307692307693
a0NvQxq,-0.05952380952380952
aP76YVn,0.05063291139240506
aR76127,0.0
a5WpMgG,0.045454545454545456
aqn4gZQ,-0.2916666666666667
aZyq7Nz,-0.02
a1WpROG,-0.3448275862068966
a9njR4Z,-0.017857142857142856
aBm9gzD,-0.15625
aVwj0Av,0.07692307692307693
aj9Q9A8,-0.0392156862745098
agArAXv,-0.037037037037037035
amvqv5y,-0.18571428571428572
aBm9myx,-0.11627906976744186
arV1VxX,-0.2
aP7671P,-0.046153846153846156
a0NvNEB,-0.21568627450980393
a0NvNnO,0.017857142857142856
aGdKdrK,-0.2692307692307692
aR767NM,0.0975609756097561
a3wvwDN,0.05263157894736842
aLw6pR5,-0.1282051282051282
aD4Rdjx,0.014705882352941176
a5WpEZN,-0.20754716981132076
aWxBjmK,-0.05
aQd6ood,-0.14893617021276595
aP763ZQ,-0.2
aD4RdPB,-0.0989010989010989
aMxeK7M,-0.11067193675889328
aD4RD0K,-0.10526315789473684
aAeBGpd,-0.20588235294117646
aZyqr33,-0.08333333333333333
aVwjxbK,0.09411764705882353
aVwjxxK,-0.015151515151515152
avz2AeO,0.04
aVwjxKO,0.07317073170731707
aZyqrzp,-0.22580645161290322
aGdKz75,-0.21212121212121213
aYyjrd0,-0.06329113924050633
an4egp0,-0.0673076923076923
aoPmK22,0.14285714285714285
aP76g4Q,0.0
azm72Mz,0.05263157894736842
aWxBGE3,-0.14102564102564102
aEPdqDn,-0.14893617021276595
aLw61Xz,-0.15789473684210525
awBNZqD,0.23684210526315788
a1WpmvY,-0.39285714285714285
an4e7Kn,0.09090909090909091
aLw6nwg,-0.17647058823529413
aZyqZmz,-0.16129032258064516
aD4R2Vx,-0.06451612903225806
aXgZPW6,-0.14285714285714285
aQd6z27,0.02857142857142857
aD4R2nN,-0.3269230769230769
a43pn4v,-0.1111111111111111
aZyqnpQ,-0.08
aWxBpmK,0.12903225806451613
aYyjQnO,-0.17391304347826086
a9njyBD,0.0
abG3erO,-0.13333333333333333
aeDK45b,-0.27586206896551724
aYyjGqw,0.06060606060606061
a7Wv89m,-0.06382978723404255
aGdKLQ6,-0.021739130434782608
a3wvGo7,-0.19047619047619047
adVy1jV,-0.04964539007092199
ax9EWqK,-0.23809523809523808
a5Wp6RN,0.0
aR764LG,0.15841584158415842
a43pnvA,-0.043478260869565216
a8Gd6R3,-0.08163265306122448
a7WvOjb,-0.16
aK7493Z,-0.1724137931034483
awBNm4W,-0.030303030303030304
aeDKOWq,-0.06060606060606061
aBm9LND,0.14285714285714285
aBm9LBP,-0.2459016393442623
a3wv0vr,0.045454545454545456
aO7oZqv,-0.3333333333333333
a8Gd0y1,-0.15151515151515152
aVwjKgd,0.0
aZyq819,-0.13793103448275862
aVwjK8w,-0.16923076923076924
arV1XzV,0.17647058823529413
aj9QLGx,-0.24615384615384617
aVwjmXM,-0.0125
aEPdoR9,-0.013333333333333334
aVwjmww,0.023255813953488372
a9nj82m,-0.029411764705882353
aQd6AG2,0.13043478260869565
a8GdeLZ,-0.05714285714285714
aoPmxjA,-0.2
awBNOxQ,-0.13793103448275862
ayeE1Mp,0.0
aK748YZ,-0.09722222222222222
aQd6mrr,-0.016853932584269662
aD4Rb5x,0.12903225806451613
aK748nO,-0.02702702702702703
a6KrB0L,-0.1568627450980392
azm7OnZ,0.0
aVwjLPy,-0.10810810810810811
an4eEeq,0.03571428571428571
aYyjqyV,0.03076923076923077
a3wv2wQ,0.2
aD4RVQd,-0.2391304347826087
ax9ER6b,0.21739130434782608
aMxev0P,0.1509433962264151
aBm9Gzx,0.0
a6KrpwL,0.1891891891891892
aZyq2WW,-0.08823529411764706
aLw6Xj6,-0.03614457831325301
aNgmRzw,-0.27586206896551724
aBm9X8N,-0.024691358024691357
aVwj2bv,-0.10909090909090909
aoPm8X3,-0.22
adVy2mN,0.0
aXgZ28b,-0.14634146341463414
aXgZKp6,-0.03125
aP761DV,0.025
aAeBOe0,0.11538461538461539
a43pW2v,-0.45
aGdKOWG,-0.058394160583941604
azm74EK,-0.13793103448275862
aQd6ynw,-0.12727272727272726
a7Wvn7L,0.22857142857142856
aGdK7Z0,0.22857142857142856
aoPmn1e,0.11538461538461539
apGKV3M,-0.0707070707070707
aAeBvQ0,-0.04
a43pwNy,0.2631578947368421
aeDKRmj,0.05
avz29vZ,-0.2727272727272727
aVwjR2P,-0.6666666666666666
a7Wvnpe,0.0
ayeEvPy,-0.08
a8GdVz6,-0.07142857142857142
aj9QRMq,-0.08333333333333333
aqn4DBL,-0.234375
aMxeqD1,-0.22448979591836735
amvqRO9,-0.13043478260869565
aqn4DVR,-0.5384615384615384
adVyRWD,0.0
ax9Em8n,0.13846153846153847
azm74vb,0.16279069767441862
agArKb6,-0.1875
aNgmjXG,-0.18181818181818182
apGKV7n,-0.2391304347826087
a9njDw1,-0.3076923076923077
a7Wvng2,-0.3333333333333333
aeDKRwQ,0.2727272727272727
aeDKRzp,-0.25
aR76RNB,0.2222222222222222
a7WvnX2,-0.1
a7Wvnxx,0.7272727272727273
aqn4DEv,-0.047619047619047616
a2WEO61,0.25
an4eGPn,0.375
adVyRGB,-0.11538461538461539
aGdK7m6,-0.08333333333333333
aO7opMv,-0.2
agArKDn,0.0
a5Wp5Ag,-0.14285714285714285
aoPmnb0,0.16666666666666666
aMxeq3G,0.5
aEPdEdN,0.0
abG3E3L,-0.16666666666666666
aQd6y0q,0.0
a3wvnvm,-0.05555555555555555
amvqnN6,0.05128205128205128
aK74Kbb,0.0
aj9Qy60,-0.0625
aLw6rQ6,0.24
aNgm3ow,0.06666666666666667
aGdKb9Z,-0.6153846153846154
a43pV9y,0.3333333333333333
aNgm3Zw,-0.03571428571428571
aoPmDj2,0.125
awBNv78,0.14285714285714285
a9njBPj,0.0
arV1zNd,-0.6363636363636364
aD4RMjG,0.0
aLw6rMA,-0.17647058823529413
a43pVZ1,0.18181818181818182
aK74pVg,-0.3333333333333333
aXgZeAz,0.10810810810810811
an4eVbz,-0.13043478260869565
aGdKb1z,0.16666666666666666
azm7Qrq,-0.2857142857142857
aD4RMW7,-0.16666666666666666
aEPdEBK,-0.8
a7WvADm,0.13333333333333333
amvqn9X,0.0625
a3wvnKv,-0.4
a2WEGZD,0.0
aVwjB3v,0.0
aqn4A1P,0.0
aYyjmK0,0.3333333333333333
a9njBK0,0.0
aZyqvpn,-0.2222222222222222
an4eV5V,-0.13333333333333333
an4eVQL,0.6
aLw6rgP,-1.0
aP76nZP,-0.09090909090909091
ax9E4Mn,0.25925925925925924
avz2mAW,0.4
aAeBZGR,-0.125
a7WvAEw,0.42857142857142855
amvqn1d,-0.2857142857142857
aO7oGZ2,0.05660377358490566
a9njDwL,0.4444444444444444
an4eVR0,-0.2727272727272727
a7WvA9q,-0.32
aEPdEWM,0.2
a2WEGDe,-0.030303030303030304
adVybxZ,-0.375
aVwjBLw,-0.13793103448275862
apGK8bM,-0.09090909090909091
aqn4AzM,-0.14285714285714285
aD4RM2Z,-0.25
aZyqvjz,0.30434782608695654
avz2mvE,0.02
aK74p8b,-0.09090909090909091
aBm9ooN,0.2857142857142857
a9njB8W,-0.25
arV1zry,-0.1111111111111111
aD4RMPK,-0.10975609756097561
aWxB9Nx,0.125
abG3EKB,0.09090909090909091
avz2mXZ,-0.03225806451612903
a9njB5o,-0.2
avz2mV5,-0.06666666666666667
a8GdzjZ,0.0
a3wvnA1,0.4
aP76n0n,0.14285714285714285
aYyjm6w,0.5
a9njBem,-0.5714285714285714
ax9E4eL,0.0
amvqnyv,-0.07142857142857142
aGdKbvz,-0.1276595744680851
aVwjB6d,0.14285714285714285
a5WpDYG,0.21428571428571427
arV1zE6,0.14285714285714285
aeDKWnp,-0.15384615384615385
aR76Dby,-1.0
aAeBZzL,0.1111111111111111
aMxeqgG,-0.25
a0NvwrO,-0.1
azm7Q0m,0.16666666666666666
amvqnEo,-0.625
a1WpwVG,0.0
azm7QQB,0.1111111111111111
a5WpD3o,1.0
a8GdzmO,0.08333333333333333
aR76DY5,0.1
aLw6ryW,0.0
aGdKbW0,-0.2
a0Nvw3Z,0.3157894736842105
a9njBxL,0.25
a43px4p,-0.3333333333333333
aeDKdjv,-0.4444444444444444
aD4RP09,-0.3333333333333333
a6Krxdq,-0.3548387096774194
aGdKoYn,-0.5
aMxeW1G,-0.09523809523809523
aYyjmOO,-1.0
aEPdE3p,0.12
aMxeWrV,-0.017241379310344827
aP76pGR,-0.07692307692307693
aWxB9VK,-0.2826086956521739
aBm9vRO,0.2608695652173913
aO7ojKv,-0.07142857142857142
aEPdQ1M,0.125
aMxey3X,0.2
ax9EAGK,-0.11363636363636363
apGKdvM,0.043478260869565216
abG3d0L,-0.14705882352941177
ax9EAD2,0.1
aQd6VE7,0.0
a2WEx5d,0.25
a8GdnMY,0.0
adVyd6d,0.16666666666666666
aXgZdwD,0.0
aWxBdmZ,-0.07142857142857142
aVwjdq2,-0.5
ayeEzpM,0.0
aMxeW8R,0.0
aK74LVW,0.1111111111111111
a5WpxbV,0.4444444444444444
avz2D8Z,-0.15
agArdXK,-0.125
aeDKd5j,0.3125
aD4RML7,-0.3333333333333333
azm7B1q,0.6666666666666666
a3wvn01,-0.25
aEPdQPo,-0.19047619047619047
aVwjdew,0.1
a1Wpxo8,0.14285714285714285
aR76ywj,-0.2
adVydgV,0.06666666666666667
aVwjdbv,-0.14285714285714285
aYyjdVw,0.0
aLw6bv5,0.2727272727272727
aXgZdnb,-0.09523809523809523
a0Nvx8d,-0.5714285714285714
abG3dAb,-0.046511627906976744
avz2DAd,-1.0
aD4RP2N,-0.14285714285714285
aYyjm9m,-0.2
aO7oGW3,0.0
a0NvxXO,0.0
a8Gdn7Q,0.0
an4edRL,0.0
aGdKoEz,0.05555555555555555
awBNv2Q,0.4444444444444444
aNgmqg6,0.3
a1WpxN6,0.041666666666666664
aWxBdL4,-0.3684210526315789
a6KrxX2,0.17647058823529413
aAeBmER,-0.21739130434782608
a0NvxKn,-0.125
aR76yM5,0.03125
a3wvxLN,0.16666666666666666
a1WpwLb,0.23529411764705882
a3wvxyr,0.2
aVwjdEn,-0.07692307692307693
aGdKoG0,-0.5
a8Gdnee,0.0
aoPmdRx,0.0
a0NvxNq,0.0
aLw6bev,-0.07058823529411765
a2WEx8p,-0.07142857142857142
awBN8Or,0.125
aBm9vP2,0.5
aP76pQV,-0.2727272727272727
adVyd2B,-0.04
aK74LY1,-0.631578947368421
avz2DxW,-0.2
an4edr0,-0.07692307692307693
ayeEzWr,0.0
aLw6b4W,0.5
a7WvAZe,0.6666666666666666
a1WpxLP,-0.13333333333333333
amvqdVj,0.0
a0Nvwxn,0.0
aMxeWK6,-0.25
ayeEzPY,-0.13793103448275862
arV1ddB,-0.125
apGKddb,0.3684210526315789
aLw6bbz,-0.29411764705882354
arV1dzB,-0.3333333333333333
abG3ddO,-0.6
aj9QdR8,-0.14285714285714285
aeDKdA5,-0.2
a9njVNW,0.0
aZyqdD9,0.20833333333333334
a7WvG8L,-0.2857142857142857
a6Krx4A,-0.25
a0Nvw7O,-0.25
a3wvxem,0.0
a1Wpx8b,0.0
adVydW9,0.21428571428571427
a1Wpx72,-0.1
aXgZdzv,-0.125
aMxeWNW,-0.35294117647058826
aWxBddn,0.07692307692307693
an4edZE,0.0
aYyjd67,0.6
aGdKoqG,-1.0
apGKdw9,-0.1111111111111111
amvqdwX,-0.1875
ax9EAKM,-0.375
a6KrxR9,0.0
avz2D6n,0.0
aWxBd5x,-0.3333333333333333
ax9EAwY,-0.07142857142857142
aMxeW5A,0.0
adVydzM,0.0
ayeEzjV,-0.2
aXgZexb,0.0
aVwjdAP,0.25
a43pxX1,0.20512820512820512
a0Nvx2L,-0.08333333333333333
aYyjdYq,-0.3076923076923077
aD4RPy7,0.0425531914893617
aR76yYA,0.625
avz2DNd,0.2
a43pxDw,-1.0
a8Gdz9p,-0.125
aMxey2W,-1.0
a8GdnrQ,-0.22727272727272727
aqn4p4L,0.3333333333333333
aEPdQje,0.0
arV1r15,0.3125
aj9Qdop,-0.16666666666666666
aGdKoXz,0.14285714285714285
aoPmdMA,0.5
aoPmqEe,0.09090909090909091
aeDKdBj,0.4
aoPmqmm,0.16666666666666666
aBm9NKQ,0.2549019607843137
a43pxMv,0.0
an4eWqL,0.0
amvqbL9,-0.3333333333333333
aYyjnbm,0.17647058823529413
azm7B6z,-0.2692307692307692
a7WvGjL,0.14285714285714285
a43prd6,0.0
agArZvr,-0.3076923076923077
a9njNML,-0.4
ax9EAvn,-0.45454545454545453
awBNG7r,-0.125
aeDKPpQ,0.06521739130434782
avz2XLW,-0.23333333333333334
aMxeNQM,-0.07692307692307693
aBm9Nr2,-0.5
aoPmq0x,-0.4
arV1rKp,0.25
agArdeK,-0.6666666666666666
aNgm2W0,0.2413793103448276
aeDKPGW,-0.05555555555555555
ax9EnD1,0.3333333333333333
aD4RPE7,-0.42857142857142855
amvqbzd,0.125
ax9EnZp,0.3333333333333333
aP76dDV,0.1
adVy47d,-0.3333333333333333
abG3mpp,-0.3125
aWxBN1n,0.0
a8GdXoY,-0.28
a9njNpW,-0.3
a43pr7Q,-0.19047619047619047
a6Kr3o8,-0.10526315789473684
arV1rG7,0.08823529411764706
aXgZGYD,-0.4
aO7oNBN,-0.32
a5WpyRr,0.16666666666666666
arV1rgB,-0.21686746987951808
a43pr96,0.1
aYyjngv,-0.18181818181818182
a7WvAz2,0.0
aVwj1YO,0.0
aGdKNZZ,0.11764705882352941
aeDKPeb,-0.4
azm7Dmx,0.1111111111111111
avz2Xzq,-0.0625
avz2mxO,0.25
abG3m09,-0.08333333333333333
aD4RNDO,0.1875
aBm9oKN,0.0
aD4RN4O,-0.17647058823529413
aqn4pej,-0.6666666666666666
a7Wv6Ez,0.03571428571428571
aAeBmAo,-0.25
aoPmqen,-0.25
aR76Nr7,-0.06666666666666667
aO7oN06,0.0
a0NvWen,-0.08695652173913043
apGKj99,-0.5
aLw6NQW,0.3333333333333333
aZyqVMX,0.0
aD4RNDK,-0.02702702702702703
aBm9NyD,-0.21052631578947367
ax9EnMM,-0.07692307692307693
aK74Njb,0.0
a9njVRK,0.5
abG3m1B,-0.034482758620689655
aWxBNYA,0.06666666666666667
aVwj172,0.07692307692307693
a8GdX6p,-1.0
azm7DmB,-0.1111111111111111
avz2XEd,-0.25
a8GdXD6,-0.3333333333333333
a9njN80,-0.2222222222222222
a7Wv69L,-0.2727272727272727
ayeEV0r,0.0
aYyjnMV,-0.14285714285714285
aD4RN7G,0.0
azm7QVN,-0.25
aO7oN93,0.0
amvqbx4,-0.2777777777777778
a2WEjv9,-0.25
a3wvp2Q,0.2127659574468085
aNgm24v,0.058823529411764705
aqn4pyj,0.08333333333333333
aeDKPxB,-0.125
aVwj1Ln,0.75
adVy4e2,-0.5
aBm9NXQ,0.0
aR76yG7,0.11764705882352941
adVydr9,0.08333333333333333
a6Kr3nm,-0.07142857142857142
a3wvp0v,0.5
ax9EnYn,-0.125
a6Kr32N,-0.16666666666666666
aEPdNEO,-0.6
aGdKNpG,0.4
aXgZGe6,-0.16666666666666666
aLw6NrW,-0.2
azm7DQm,-0.16666666666666666
aWxBN9d,0.2
aAeBNmg,-0.1875
ax9En4p,-0.6
aD4RNPx,0.25925925925925924
a1WpqwY,0.14285714285714285
amvqbno,-0.07692307692307693
abG3mBb,0.0
an4eW10,-0.2
aGdKo37,-0.25
arV1rrp,-0.1
avz2XDX,0.1
apGKjVn,-0.11428571428571428
aXgZGjD,0.5
aEPdNN9,0.25
a3wvpe3,-0.09090909090909091
a5Wpxmo,-0.19047619047619047
aZyqV4W,0.07407407407407407
amvqbKj,-0.22727272727272727
aXgZG22,-0.08333333333333333
aEPdNbn,0.26666666666666666
a6Kr3yR,-0.4
adVy4Wd,-0.42857142857142855
abG3dV8,0.0
ax9En8b,0.0
arV1r0V,0.0
aBm9NMA,-0.16666666666666666
aGdKNzG,-0.25
a43pxPv,0.0
amvqbyj,-0.3333333333333333
ayeEV1X,-0.2
a9njN0W,-0.3333333333333333
aK74NXN,-0.5
azm7D3j,-0.35294117647058826
aLw6N5z,-0.11764705882352941
azm7Dop,-0.18181818181818182
amvqbZ2,-0.08571428571428572
aeDKPBO,-0.25
aeDKPBb,-0.18181818181818182
a1Wpq3b,-0.1
aeDKd9B,0.16666666666666666
a6Kr3Pb,-0.09523809523809523
aWxBN3A,0.0
a3wvpD1,-0.18181818181818182
aQd6NGW,-0.25
aP76dAG,-0.4
aD4RNyO,0.0
aBm9N51,0.11764705882352941
aR76yd2,0.0
aAeBNoo,0.0
a2WEjB9,-0.010582010582010581
a8GdXBV,-0.07575757575757576
aqn4pvj,0.1111111111111111
aqn4poM,-0.5
aoPmqQn,-0.16666666666666666
aLw6NOM,0.13333333333333333
abG3mPr,-0.125
a6KrxZN,-0.2
aD4RrAG,0.0
aQd6BPz,-0.10714285714285714
a9njNG6,-0.21428571428571427
a5Wpy9q,-0.2857142857142857
aeDKP8O,-1.0
aD4Rr0G,-0.2
azm7Dpx,0.0
aZyqoPV,-0.125
ax9EQ2D,-0.21739130434782608
a1Wpq9D,-0.07142857142857142
avz2XoE,0.1111111111111111
aMxeDb6,0.0
ax9E4GY,-0.5
aP76zyn,0.14285714285714285
aBm9j3P,0.0625
aO7oAby,-0.25
a3wve3v,-0.2777777777777778
aD4RNr9,-0.45454545454545453
aoPmqwg,0.25
aEPdy7G,-0.15384615384615385
a43pmLv,0.24
arV19K5,0.07142857142857142
aQd6N5d,-0.5294117647058824
ax9EQjW,0.043478260869565216
aR76N52,-0.16666666666666666
amvqKz9,0.09433962264150944
azm7oAb,0.35714285714285715
a1Wpq8w,-0.1
aYyjZLm,-0.14634146341463414
aXgZGvd,-0.42857142857142855
a0NvzjO,0.0
aeDKy6p,0.041666666666666664
a7WvPZw,-0.037037037037037035
an4e8bb,-0.047619047619047616
ayeEZDr,-0.3157894736842105
aZyqomQ,0.1
aAeBNGo,0.17647058823529413
azm7D4m,0.23076923076923078
azm7o8m,-0.22727272727272727
aAeBqDg,-0.21428571428571427
adVyrXD,0.0
aD4RrWx,0.3333333333333333
aEPdyBO,-0.25
arV1950,0.2727272727272727
aZyqop3,-0.21428571428571427
aAeBqxg,-0.3125
aEPdyYO,-0.32
avz24rn,-0.09090909090909091
aQd6B3K,0.05
aWxBP66,-0.7272727272727273
aD4RrxZ,0.0
aNgm8Y0,0.10526315789473684
a9njZKD,-0.5
avz24GW,-0.16666666666666666
awBNPoB,-0.09523809523809523
a1WpBQP,0.25
aR7690j,-0.25
ax9EQDn,0.0
aK74NQj,0.0
aqn4Bn7,-0.5
aO7oA0v,0.2777777777777778
a7WvPWb,0.0
a8GdQ3e,0.5625
aP76zBP,-0.25
aLw6VwM,-0.125
a2WE9oY,-0.11320754716981132
a3wvpZ5,1.0
aQd6Bdq,0.0
aLw6Np6,0.3333333333333333
a7WvP8A,-0.11764705882352941
aBm9jZZ,-0.0625
a9njNZo,-0.6666666666666666
aO7oA26,0.3125
avz24OX,0.1
amvqKW6,-0.30434782608695654
aK74n9W,0.15789473684210525
amvqKA2,-0.3333333333333333
an4e8RE,-0.2222222222222222
a1WpB0D,-0.375
azm7o2j,0.5714285714285714
agAr6Qv,-0.5
aeDKyZq,0.17880794701986755
adVyrQQ,-0.5833333333333334
aBm9jVN,-0.16666666666666666
avz24QO,-0.25806451612903225
a2WE98w,-0.36363636363636365
a8GdQ6V,0.09090909090909091
a5WpvBV,0.125
aO7oADD,0.0
a1WpB58,-0.6666666666666666
aGdK6jn,0.18181818181818182
a5WpvwV,0.0
aP76zPq,-0.2857142857142857
an4e8EB,0.07142857142857142
a6Kr42e,0.08695652173913043
aP76zeG,0.47619047619047616
a43pmAd,0.16666666666666666
ax9EQPL,0.2857142857142857
aXgZGPV,0.4
aZyqoD0,0.4444444444444444
abG3K2B,0.14285714285714285
amvqKRV,-0.16666666666666666
aQd6BOr,0.0
a7WvPnm,-0.1
a5WpvDo,-0.3333333333333333
aWxBPR3,0.05555555555555555
a8GdQzQ,0.6
amvqKn4,0.3
aqn4BdL,0.375
aAeBqOE,0.29411764705882354
aj9QG7w,0.10526315789473684
aqn4BpL,-0.15384615384615385
an4eWdn,0.6666666666666666
awBNP1y,-0.2
aP76zzB,-0.037037037037037035
aGdK66X,-0.40789473684210525
a8GdQvd,0.0
aVwj49n,-1.0
avz24Vn,-0.3333333333333333
aO7oAnR,-0.22727272727272727
arV199X,-0.21428571428571427
abG3KDE,0.13333333333333333
a9njZeL,-0.058823529411764705
avz24DM,0.0
amvqKwd,-0.35714285714285715
agAr666,0.0
aBm9jeO,-0.5
aGdK646,-0.08333333333333333
aVwj4y8,-0.06666666666666667
ax9EQ5b,0.0
ayeEZAr,0.0
avz243O,-0.06451612903225806
aQd6BLq,0.3333333333333333
aP76zKR,0.0
aO7oAXN,-0.041666666666666664
ax9EQxK,-0.07692307692307693
a8GdQKp,0.0
a8GdQrY,0.05
aGdK6PK,0.0
a3wve9N,0.0625
a3wveZN,0.3
aqn4BvM,0.125
a6Kr4WA,-0.38095238095238093
aBm9j71,-0.125
aQd6D62,-0.47058823529411764
avz2XBb,-0.2222222222222222
arV1D17,-0.2727272727272727
aeDKyXb,-0.3333333333333333
aP76zwg,0.0
aNgm88G,-0.09090909090909091
aLw6O6V,-0.25
an4e0q5,-0.08888888888888889
aWxB9M2,-0.14285714285714285
a43pBKy,-0.14285714285714285
aBm9jpA,-0.1935483870967742
a43pmDQ,-0.09090909090909091
aoPmGEX,-0.1111111111111111
aBm9bRZ,0.08
avz2Bpq,0.4
aGdKrYG,0.5
a43pmg6,0.3333333333333333
avz2B0q,-0.2857142857142857
amvqOLy,-0.6363636363636364
awBNGPB,-0.16666666666666666
aoPmG02,0.2
adVyrDB,0.0
a9nj4MZ,-0.13333333333333333
a0NvDLn,0.15
aAeBLro,0.3333333333333333
a2WE9wd,0.5
aAeBqop,-0.1
aVwj9Xy,0.42424242424242425
aNgmGK3,0.15384615384615385
aP76VGG,-0.6
aqn4V2j,0.18181818181818182
amvqO9X,0.5555555555555556
azm7vEN,0.09523809523809523
aWxBeM2,0.25
ayeEmLy,-0.45454545454545453
arV1DKd,0.041666666666666664
a6Krebm,-0.043478260869565216
a6KreVm,0.22727272727272727
aO7onBy,0.0
an4e0jV,-0.5
aR769YG,-0.18181818181818182
ayeEmXX,-1.0
aD4Rq1B,0.03333333333333333
aP76VRB,-0.4
abG3KjL,-0.09090909090909091
apGKn2p,-0.05263157894736842
aoPmGNm,-0.3333333333333333
a0NvD5L,0.26666666666666666
aVwj93d,0.05454545454545454
aeDKqDp,-0.5238095238095238
aR768wQ,0.0
aeDKqrB,-0.2631578947368421
abG3Lrv,0.02631578947368421
azm7vMm,0.17391304347826086
aMxe0xx,0.2727272727272727
aVwj9Qy,0.18518518518518517
a43pB3Z,0.0
a6KreON,-0.4
aNgmGPr,-0.06666666666666667
ax9EeMp,-0.05
aQd6DEK,0.0625
amvqOzv,0.08823529411764706
aoPmAyn,-0.375
azm7vmb,0.1
a6KreZL,-0.05
a9nj4Pj,-0.25
aAeBLbg,-0.2727272727272727
aVwj9vK,0.2
aeDKqQQ,-0.15384615384615385
aGdKrE0,0.4
a3wvz51,-0.5384615384615384
aGdKrn6,0.058823529411764705
a7Wvmeb,-0.5454545454545454
apGKnRE,-0.2857142857142857
arV1DAV,-0.21428571428571427
aVwj9bK,-0.21428571428571427
a9nj46o,-0.15789473684210525
aBm9bLA,0.043478260869565216
aGdKr0z,0.0
aLw6OD5,0.037037037037037035
a8GdvAO,0.0
aqn4V7L,-0.12
ayeEm6Y,-0.5
a9nj4zo,-0.5
a5Wp9VE,-1.0
aGdKrGK,0.125
arV1DWp,0.4
aEPdjpO,0.0
a8GdVBO,0.5
a0NvDpq,-0.2857142857142857
agAr6p6,-0.38461538461538464
aBm9bE1,-0.3888888888888889
aLw6Od6,0.07142857142857142
avz2BRE,-0.21052631578947367
adVyWRQ,0.07142857142857142
aeDKqRq,-0.26666666666666666
a2WEArZ,-0.6666666666666666
ax9EebK,1.0
aNgmGOw,-0.125
a5Wp9xy,-0.24
aNgm8N4,-0.3333333333333333
a3wvem1,-0.1111111111111111
amvqORy,-0.3333333333333333
aO7onNE,0.0
a2WEA9E,-0.2
amvqOOV,-0.5714285714285714
avz2BVd,0.0
aBm9bMP,-0.06666666666666667
a3wvzgv,-0.21428571428571427
agAr6Pw,-0.1
aEPdjoM,-0.25
agArpw1,-0.3333333333333333
a7WvmxL,0.2857142857142857
a3wvzOQ,0.42857142857142855
avz2BjM,-0.1
a1WpBq2,0.125
aLw6O7v,-0.16666666666666666
arV1D9d,0.25
aXgZm62,-0.11764705882352941
agArp9q,0.0
a9nj4oL,0.1111111111111111
aLw6OZv,-0.2916666666666667
abG3L68,-0.38461538461538464
aoPmGwm,-0.125
ax9EeLn,0.0
aBm9b72,0.16666666666666666
a8GdvRd,-0.2857142857142857
aD4Rq97,0.0
aBm9bAQ,-0.25
apGKnXW,0.35294117647058826
avz2B2E,-1.0
ax9EeXp,0.0
aGdKr30,0.03076923076923077
aWxBe7q,-0.1111111111111111
aAeBLzR,1.0
a0NvWRv,-0.14285714285714285
awBN9qB,-0.04918032786885246
aVwj9GK,-0.2
aP76zLP,-0.2857142857142857
awBNDNB,0.25
amvqyqd,-0.25
aEPdbvn,-0.45454545454545453
agArZzv,0.0
aEPdje9,-0.08
apGKXq5,0.125
abG3oXp,0.25
aZyqKPW,-0.04
aeDKyQb,-0.2857142857142857
aj9Qj6x,-0.2857142857142857
aQd6Kpd,-0.05714285714285714
a2WEVYe,0.3125
aeDKE0b,0.0
aEPdbzN,0.125
aXgZzXD,0.17142857142857143
aAeB710,-0.21428571428571427
a6Krzy8,-0.06666666666666667
ayeEAnb,0.2857142857142857
awBNDKW,0.3333333333333333
aBm9MQ1,0.0
aEPdbne,-0.18181818181818182
aWxBAmZ,0.0
aAeB7R9,-0.6666666666666666
aR76GeQ,-0.18461538461538463
a8Gd9yZ,-0.09375
ayeEAxq,-0.14814814814814814
aGdKqK6,0.1111111111111111
ax9E80Y,-0.16666666666666666
aoPm6e3,-0.23076923076923078
awBNDAR,-0.07692307692307693
aP760Rg,0.25
aZyqK7n,-0.1724137931034483
arV105y,-0.5
aAeB7P0,-0.3333333333333333
aBm9MmP,0.2777777777777778
aXgZzYz,0.25
aoPm653,-0.2857142857142857
an4e39B,-0.23529411764705882
aD4RrEw,0.0
a6Krz1m,-0.2127659574468085
awBNDMQ,0.0
avz2V5d,0.2
aLw631P,0.08333333333333333
a1WpnP2,0.3076923076923077
arV10y5,0.0
aAeB7Y9,-0.2857142857142857
aO7oOov,0.12903225806451613
aBm9Mdz,-0.0625
aK74y7g,0.18518518518518517
abG3oev,-0.17391304347826086
aVwj8gn,0.0
aK74yEO,0.08333333333333333
aZyqKwQ,0.20833333333333334
a9njerZ,0.3333333333333333
an4e3OL,0.0
aBm9M6Q,0.2857142857142857
aVwj4qM,0.3333333333333333
aj9Qj71,0.16666666666666666
a9nje6L,0.0
aNgm8jA,0.625
a6Kr8x9,-1.0
adVyMxB,-0.07692307692307693
aR76GM5,0.0
avz2Vz5,0.21428571428571427
aO7oO12,0.08695652173913043
aBm9MnP,0.0
abG3o2p,-0.125
aVwj8RO,-0.5
azm7z4j,-0.20454545454545456
a8Gd9ee,0.06666666666666667
aeDKERb,-0.09375
aZyqKR0,0.0
aoPm6ng,0.0
a9njemD,0.0
arV10r7,0.058823529411764705
abG3omL,-0.125
abG3ooX,-0.2
an4e3gz,0.0
a5WpAvr,0.05263157894736842
aYyjBB7,-0.375
ayeEAA8,-0.5
amvqyQX,0.03296703296703297
awBNDDy,0.14285714285714285
aeDKEwj,0.16666666666666666
aVwj8ry,0.07692307692307693
a8Gd9QV,0.6
a0NvGzv,-0.5
aNgmX53,-0.1
a9njeGj,-0.2857142857142857
aj9Qjvg,0.3076923076923077
a0NvGqn,-0.04597701149425287
a1Wpnj8,0.23076923076923078
a6KrzRe,0.024390243902439025
arV10Ld,-0.625
a5Wpv2L,0.0
aAeB7GE,0.0
abG3LWO,-0.3333333333333333
aAeB7jE,-0.05555555555555555
a5WpAYL,0.0
adVyM49,0.07692307692307693
aO7oOXy,0.16666666666666666
aj9QM7R,0.0
a8GdvE3,0.14285714285714285
aEPdbPK,-0.3333333333333333
aP760NK,0.0625
aEPdbje,0.4
azm7zXN,0.0
aGdKqv5,0.0
aYyjB8V,-0.16666666666666666
an4eZYb,0.0
aVwj14K,-0.3333333333333333
a7Wvg52,-0.21428571428571427
azm7z6z,0.75
a2WEgYY,0.07894736842105263
a1Wpnz2,-0.25
aQd6bp7,-0.3157894736842105
aZyqXWQ,-0.15384615384615385
a8GdNb3,0.16666666666666666
a2WEg5O,-0.18181818181818182
aZyqXq3,0.0
aBm9MjN,1.0
aD4RqKB,-1.0
avz2q7O,0.21052631578947367
aqn4MbQ,0.02
a0Nvg8O,-0.25
a1WpgKG,0.13043478260869565
aYyj64v,0.18181818181818182
aNgmMzb,-0.14634146341463414
a9njwK6,-0.21428571428571427
agAr9Yw,0.2
abG3DzO,0.07142857142857142
aEPdKge,-0.07407407407407407
aZyqXm0,-0.2631578947368421
amvqQ5y,-0.09523809523809523
aAeB76R,0.3
awBNjox,-0.045454545454545456
aQd6bR2,-0.038461538461538464
aqn4OPP,-0.05555555555555555
adVyA8Q,0.1
a8GdN7p,-0.08571428571428572
an4eZzo,0.0
aj9Qvm0,0.0
aP76LRq,0.03571428571428571
azm7yeN,0.0
avz2XAq,0.42857142857142855
aQd6bzz,-0.045454545454545456
a1WpgP8,0.047619047619047616
aAeBAyd,-0.5
aj9Qv90,-0.3333333333333333
arV1Eyd,0.06451612903225806
amvqQov,-0.125
avz2qQZ,-0.08823529411764706
a6Krzpq,-0.2857142857142857
avz2qoq,-0.09090909090909091
arV1Emy,-0.36363636363636365
a0NvgVL,-0.2
aR76WZA,-0.5
apGKj2b,-1.0
a8GdNm6,0.047619047619047616
arV1E5B,0.0
aXgZ3Nb,-0.1111111111111111
a9njw5m,-0.15789473684210525
arV1Ex5,-0.03125
azm7yRb,0.38461538461538464
aK74y66,0.5
a8GdN06,-0.29411764705882354
a0NvgEO,0.2222222222222222
aWxByb4,-0.125
a9njwXL,-0.3333333333333333
a8GdNGV,-0.14285714285714285
aWxBAdA,0.4166666666666667
aeDKzWW,0.22
a8GdNoY,0.2
aD4R9N9,-0.07692307692307693
avz2qXX,0.25
amvqQbd,0.23529411764705882
avz2q4b,0.0
aEPdKjn,-0.07692307692307693
aK74ZXN,-0.16666666666666666
a0NvgDX,-0.125
aGdKvvK,0.2222222222222222
awBNjDW,0.2727272727272727
azm7yop,-0.16666666666666666
azm7yDZ,-0.047619047619047616
an4eZwq,0.16666666666666666
a1WpggG,0.08333333333333333
a1Wpg6b,0.25
ayeErAY,0.0
a5WpAjq,0.0
aMxe7WM,0.0
aYyj6XN,-0.4117647058823529
a0Nvgyv,0.0
aZyqXoW,0.0
aGdKvmG,0.13333333333333333
aBm9zBZ,-0.12903225806451613
an4eZLo,-0.2727272727272727
a1Wpg9D,-0.3
adVyAdB,0.0
a9njw9j,0.14285714285714285
aeDKz2p,-0.14285714285714285
aBm9zpD,0.2222222222222222
aR76WR5,-0.1956521739130435
a2WEpEE,-0.14285714285714285
aQd6b52,0.0
aNgmMy6,0.2
aMxe70G,0.0
aXgZ38z,-0.1111111111111111
a5Wpgmy,-0.25
aGdK5Yw,0.2222222222222222
amvqQX9,-0.3333333333333333
aK745wg,-0.2
arV1EPd,-0.6666666666666666
a9njw3j,0.0
aeDKwj5,-0.4444444444444444
a5WpgLL,-0.10526315789473684
amvqwXV,-0.38095238095238093
aeDKzLq,-0.25
apGKwqW,-0.0625
aGdK5V7,-0.1111111111111111
a43py9v,-0.1935483870967742
aYyj5WV,0.0
aBm95YQ,-0.07142857142857142
arV1wp6,0.06666666666666667
azm7oWp,0.3
a5Wp3KG,-0.375
aQd65Pr,-0.5
a8GdQBY,-1.0
a9nj07L,-0.2222222222222222
aVwj8YP,-0.25
aVwj5DM,0.05
aqn4MwM,0.05
a3wvDLm,0.2
a1WpjX6,0.3125
a5Wpg8y,0.0
a8GdOYQ,0.0
aXgZzDg,0.125
aoPmw1x,0.1111111111111111
aO7o5dM,-0.4
a43pyb6,0.0
aoPmwm3,0.14285714285714285
aMxe58X,-0.3
azm7wrm,-0.15584415584415584
a0NvqKd,0.3333333333333333
a7WvgYz,0.0
aQd6Kge,-0.09090909090909091
a43p8Q1,-0.5
an4ewKV,-0.2
aZyq5qn,-0.5
aEPd5Pn,0.6666666666666666
aeDKw6p,-0.4
apGK7Xb,-0.3333333333333333
aO7oOm6,0.2857142857142857
agArbBq,0.0
amvqwro,0.18181818181818182
aZyq500,0.5
adVywgZ,-0.375
avz2VYM,0.3333333333333333
aVwj5xO,0.06666666666666667
aP762AQ,0.0
aBm95dZ,0.13333333333333333
azm7w5x,0.0
aeDKw4O,0.25
aVwj5g2,-0.08823529411764706
aWxB5qK,-0.16666666666666666
a3wvr4m,0.6363636363636364
a1WpgyD,-0.16666666666666666
azm7wmp,0.0
aR76dLQ,0.0
aZyq5Dz,-0.07142857142857142
aZyq5Zz,0.2222222222222222
aXgZ1nD,-0.15789473684210525
aR76d47,-0.19047619047619047
azm7wPB,-0.6
avz2BGd,0.0
aO7o586,0.3333333333333333
aP762oG,-0.1956521739130435
aGdK5B5,0.3
aO7o5zM,0.058823529411764705
awBN2my,0.08
aqn4w8Z,0.36363636363636365
aK745Gj,0.2
an4edwo,0.0
aWxB5vx,0.09090909090909091
an4ewxB,-0.05555555555555555
a0NvqNX,-0.058823529411764705
aVwjr18,-0.14285714285714285
a5Wp3zL,0.14
azm7ynN,-0.1
aD4R5nO,0.15625
an4ewgq,0.17647058823529413
aP7628G,-0.041666666666666664
a43pyWw,-0.01818181818181818
aGdK57z,-0.75
a43py21,-0.07142857142857142
aj9QwBg,0.2
aNgm5jA,0.12903225806451613
aAeB5Eo,0.0
aQd65Vw,0.0
aO7oA72,-0.5
awBN2eQ,0.0
aWxB523,-0.17647058823529413
an4ewdL,0.0
aVwj5dn,-0.5
aqn4wjQ,0.75
a9nj0D0,0.2727272727272727
a9nj0NL,-0.08333333333333333
aBm954P,0.18181818181818182
aD4R5NB,-0.125
aZyqX4W,0.5
a8GdOv3,-0.12
aNgm5Xr,-0.08333333333333333
apGK7Qb,-0.2
aD4R59x,-0.1111111111111111
a3wvrr3,-0.14285714285714285
ax9EwW2,0.06666666666666667
aEPd5bO,-0.11627906976744186
aqn4wVp,1.0
aO7o5nM,0.0
agArwzx,0.0
abG3w4r,0.0
aLw65ZM,0.07692307692307693
ax9Ewr1,0.0
apGKwOb,0.24
a3wvr8e,-0.16666666666666666
avz2wYE,-0.3333333333333333
aD4RN87,-1.0
a5Wp38O,0.5714285714285714
adVywzB,0.0
aeDKBKO,0.0
a2WEGXD,0.5
aP76zNR,0.0
a8GdOZY,-0.25
a3wvr9m,-0.0625
aoPmoLe,-0.5
aeDKBNq,0.35
avz2wdd,-0.2857142857142857
aD4R5Bd,-0.5
ax9Er2Y,0.08333333333333333
a8GdgWV,0.75
aQd6Kqq,0.2
a8GdgbZ,0.0
aqn4ENj,0.0
avz2jLZ,0.0
aD4RvwK,0.045454545454545456
aQd6jPW,0.0
amvqwW6,-0.125
aZyqYNn,0.05128205128205128
aeDKzeb,0.0
an4ewo0,-0.2916666666666667
aD4RvoG,0.0
aqn4E5Y,-0.25
adVyzNQ,0.047619047619047616
avz2jnd,-0.08823529411764706
aNgmbew,-0.1111111111111111
ayeEKLy,0.058823529411764705
aZyqYm9,-0.13636363636363635
aGdKQe7,0.0
a8Gdg8Q,0.15
a2WEXY9,0.13333333333333333
aO7oWB3,0.0
aMxeLj1,-0.2962962962962963
aGdKQDz,-0.045454545454545456
a6KrRoN,-0.3333333333333333
a8Gdg3d,-0.35294117647058826
a6KrRO2,0.4
azm73mb,0.5
a43p0QZ,0.0
a2WEXRp,0.2
an4eojV,0.6666666666666666
an4eo4b,0.06451612903225806
a1Wp6o2,-0.08421052631578947
aeDKBAQ,-0.16666666666666666
a1Wp6PP,-0.1724137931034483
aWxBXxd,-0.6666666666666666
arV1L55,-0.05555555555555555
a0Nv3ed,-0.12
abG38v9,-0.125
an4ew1L,0.1
a1Wp67w,0.5
aGdKQL6,0.022222222222222223
aoPm7W0,0.029411764705882353
aoPm7Kw,0.0
adVyzPB,0.05555555555555555
amvqOEo,-0.5
aVwj6O2,-0.125
aAeB969,-0.33783783783783783
azm73xZ,-0.1111111111111111
aqn4wyM,-0.3333333333333333
aR76p0y,0.13333333333333333
aNgmbvb,0.07142857142857142
an4eovq,-0.2413793103448276
avz2jEO,-0.09090909090909091
aBm95xO,0.0
a3wvO0N,0.13636363636363635
a3wvO43,-0.25
abG38Rr,0.1111111111111111
a8GdgKZ,0.18181818181818182
aeDKBP5,-0.2
a3wvOpe,0.3
aZyqYVn,0.16666666666666666
aK74MX6,-0.5
aGdKQO5,0.16666666666666666
aK745Z3,0.0
a7WvxE2,0.0
apGKMj8,0.0
a43p0Bw,-0.14285714285714285
adVybz2,0.0
ax9Er8D,-0.16666666666666666
arV1Lx7,-0.16666666666666666
a8GdgQ6,-0.06666666666666667
a9njGe0,0.1111111111111111
awBNpDQ,0.0
aoPm7xn,0.0
aNgmbXA,-0.043478260869565216
agArew1,-0.15384615384615385
aXgZO2v,-0.2
a43p00Z,-0.21428571428571427
aLw6EEv,-0.3333333333333333
aVwj68v,-0.4117647058823529
aD4RLww,-0.1111111111111111
a43p0X6,-0.16666666666666666
aK74nvW,0.0
a8GdgBe,0.2
azm7QdZ,0.3333333333333333
an4eomb,0.0
adVyzA2,0.08333333333333333
aoPm730,-0.07142857142857142
ayeEKgp,-0.2777777777777778
aMxeLXR,0.05555555555555555
aD4RvB9,0.3333333333333333
amvqZ3o,-0.21428571428571427
a0NvyvX,0.0
a8GdgrO,-0.4
ayeEjEM,0.0
aMxeMeG,-0.2
aVwjyj8,-0.08333333333333333
aXgZ6ZP,0.0
ax9EqEb,0.0
aP76bww,-0.3333333333333333
a0Nvy8X,-0.05
a9njZno,0.0
aQd6WPq,0.0
a6KrR0R,-0.18181818181818182
aqn4o97,-0.1111111111111111
aK74owN,0.0
a8GdxWY,-0.5
a8GdxLO,0.1
abG3nXp,-0.4
aVwjyOO,0.0
aBm9BK1,-0.21428571428571427
ax9Eqdb,0.029411764705882353
aWxB3Qq,0.0
ayeEjpY,1.0
aZyqObW,-0.5
a7WvRKq,-0.36363636363636365
a2WE6Ne,-0.3333333333333333
aP76b4Q,-0.14285714285714285
aoPmQ0n,-0.2
amvq4L2,-0.25
aoPmQZg,0.0
aeDK80b,-1.0
aeDK83b,0.0
aD4RvOO,-1.0
a6KrYLA,0.2
agArzNv,-0.75
aYyjXNO,0.0
aMxeMrW,-1.0
aO7oLb6,-0.2222222222222222
avz2KLE,-0.2
aGdK4xG,-0.4
aD4Reod,-0.2
a9njg76,-0.25
aBm9BYZ,0.0
aD4ReoO,-0.2
aWxB3Zn,-0.1111111111111111
apGKZE5,-0.6666666666666666
aBm9BYN,-0.38461538461538464
abG3n5O,0.5
aO7oLm6,0.0
arV17vV,-0.14285714285714285
a3wvnRQ,0.5
aNgmEKK,0.5
aqn4oLZ,-0.2
a5Wp0NO,-0.5
aEPdm7e,0.07407407407407407
a6KrYyA,0.0
aP76bGQ,-0.5
aQd6W8W,-0.3333333333333333
aj9Qerx,0.0
amvq402,0.5
adVyDXQ,0.5
an4eP1E,0.0
azm736p,-0.15384615384615385
agArz3x,0.8
aBm9B1N,0.0
aXgZ6wv,0.0
aR76qwM,0.16666666666666666
a43p8Xw,0.3333333333333333
abG3nZX,-0.125
aj9QeD0,-0.5
a5Wp0pq,0.0
aBm9MPO,-0.5
aQd6WxW,0.0
a0NvyPz,-1.0
aAeBz10,0.125
aBm9BwN,-0.12698412698412698
a3wvX77,-0.5
agArzqg,-0.4
azm7prB,-0.4
a43pOLA,1.0
aqn4orZ,1.0
arV17OK,0.5
ayeEjL8,0.038461538461538464
a1Wp3dD,0.0
amvq4YX,-0.25
aD4RejO,0.2857142857142857
a6KrYMb,-0.125
aP76bWq,0.0
abG3npr,0.0
aeDK8bj,-0.5
a3wvXLm,-1.0
a2WE6r9,0.14285714285714285
aD4ReWK,-1.0
agArzLK,-0.3333333333333333
aWxB3mx,0.0
avz2KOZ,1.0
aVwjyMy,-0.2916666666666667
a7WvRdz,0.2857142857142857
a9njgrj,0.0
aBm9Bxx,-0.25
aNgmEdw,0.0
agArzYK,-0.3333333333333333
aAeBzxd,-0.6
azm7pVx,1.0
aEPdmYx,-1.0
agArzGg,-1.0
a7WvRMe,0.2
a2WE6ZE,-0.5
an4eP9B,0.5
amvq4Bv,0.2
awBNWQ8,0.5
ayeEjXV,0.2
a1Wp3K8,0.0
ayeEjBV,0.25
aR76qj2,-0.25
aeDK8r5,-1.0
ayeEjxq,-0.8888888888888888
aWxB3Y2,-0.10526315789473684
adVyD5N,0.0
aqn4oKY,0.14285714285714285
aYyjXyw,0.0
a8GdxyZ,0.5
an4ePyo,-0.5
aAeB9n9,0.05555555555555555
a5Wp0Wo,0.09523809523809523
a0NvyNL,0.5
azm7pXq,-0.6
aYyjXeN,0.3333333333333333
aR76qXA,0.5
aD4Red7,-0.4
aR76q7A,-0.1951219512195122
ayeEjey,0.09090909090909091
aGdK4p7,0.38461538461538464
a7WvRwm,-0.22950819672131148
aqn4onP,0.0
aAeBzgE,0.5
aVwjyYP,-0.34615384615384615
ayeEr5r,0.0
aO7oLQ3,-0.2222222222222222
aeDK8GO,0.0
aO7oL7y,-0.3333333333333333
abG3nG8,0.0
an4ePQV,0.0
aXgZ6Yz,-0.5
aWxB3G6,-0.16666666666666666
aoPmQPA,-0.25
aVwjywv,-0.3333333333333333
aK74oEO,-0.25
aLw671P,0.2857142857142857
aYyjXrV,0.2857142857142857
a5Wp0XG,-0.14285714285714285
azm7pMz,-0.7142857142857143
abG3nzr,0.0
an4ePzL,-0.5
aVwjyxd,-0.4
apGKZ5W,0.0
aBm9B0x,0.5
aLw67nv,0.0
aWxB3OA,0.0
a9njgyL,-0.2
a7WvRow,0.07692307692307693
avz2KZO,0.6666666666666666
abG3nAv,0.125
aP76b3K,-0.6
ax9Eq0Y,-0.5
aVwjyvn,-0.2
aoPmQye,0.0
aEPdmMp,-0.5
aAeBzyR,-0.4
aj9Qe71,-0.5
aYyjXGm,0.36363636363636365
aR76qrB,0.0
a2WE6Mp,0.5555555555555556
aGdK4EX,0.125
aoPmQgm,-0.5555555555555556
a43pOnZ,-0.2
arV17m5,0.0
a5Wp01G,0.14285714285714285
aO7oL2R,-0.3333333333333333
aeDK84p,-0.38461538461538464
a8Gdx3p,-0.3333333333333333
amvq4W9,-0.45454545454545453
aVwjygn,-0.6
aAeBzPZ,-0.5
adVyDP2,1.0
aeDK81p,-0.058823529411764705
azm7pdm,0.125
aqn4o7Y,0.25
a9njgzL,0.0
a2WE61D,0.0
a43pO3w,0.0
azm7p5b,-0.3333333333333333
amvq47X,-1.0
aGdK4yX,-0.0625
aAeBzQR,-0.3333333333333333
amvq486,0.0
aeDK8Mj,1.0
ax9EqWn,0.2
a3wvXj7,0.0
azm7p9q,0.5
a6KrYXR,-0.125
aXgZ6M6,0.0
aVwjyEM,0.0
aGdK4LX,0.5
aBm9ByQ,-0.5
a1Wp3m6,0.3333333333333333
aD4ReA9,-1.0
aP76bmP,0.045454545454545456
aQd6WQ7,0.1
aNgmEQr,0.09523809523809523
a9njgv1,-0.14285714285714285
aeDK8OQ,0.0
a9njZ3W,0.3333333333333333
aP76b9G,0.0
a43pONm,-0.07142857142857142
aj9QeBQ,0.0
amvq46o,0.375
aGdK480,0.5
a6KrYEm,0.0
aVwjyKM,-1.0
a3wvXy3,-0.6
a8Gdx03,0.0
aVwjyoM,0.0
a0NvyXB,-0.5714285714285714
aNgmELG,-0.42857142857142855
aj9QeOG,-1.0
abG3nOE,0.0
avz2KxX,0.0
amvq4xd,-0.1111111111111111
aGdK4Gn,-0.21818181818181817
aEPdmDn,-0.25
aQd6WAK,-0.3333333333333333
an4ePxn,-0.2857142857142857
aO7oLP2,0.125
adVyDnB,-0.17647058823529413
apGKZb5,-0.2
aD4ReV9,-0.09375
aGdK4A6,0.25
aAeBz29,0.0
aZyqOjW,0.0
aR76q2M,-0.2222222222222222
aD4Reb9,-0.25
aeDK8mv,0.0
aLw67dz,-0.5555555555555556
a9njgmD,-0.3333333333333333
a8GdxKY,-0.2222222222222222
aBm9BGA,0.0
a3wvX48,0.0
aK74oYN,-0.375
aVwjy28,-0.2222222222222222
a1Wp3Lw,0.0
adVyD2d,0.0
aR76qOG,0.2
aAeBzvp,-0.5
a1Wp32w,0.2857142857142857
aMxeMbV,-0.2857142857142857
aD4ReMw,0.0
ax9EqRb,-1.0
a3wvXNN,1.0
azm7pYj,0.0
amvq4n2,-0.07142857142857142
aGdK4bK,-1.0
aP76bQw,-0.6666666666666666
a43pOwQ,0.0
a8Gdxz1,-0.2
aBm9BoZ,-0.5
aWxB3vK,0.0
adVyDRZ,-0.3684210526315789
a0NvyOz,0.047619047619047616
aEPdmEN,-0.36363636363636365
awBNWeW,-1.0
a6KrY2q,-0.5
aP76bnQ,1.0
aVwjydw,-0.2727272727272727
aYyjXL7,0.5
aYyjXdN,-0.3333333333333333
aYyj0qN,0.16666666666666666
aeDK8dO,0.0
aeDK8WO,-0.2
aeDK8xW,-0.25
aMxeMqV,-0.16666666666666666
an4ePvn,0.0
apGKZPE,-0.09523809523809523
a6KrYxA,-0.08
aD4Re8Z,-0.3333333333333333
azm7pDx,-0.25
a3wvX83,-0.2857142857142857
aBm9BNZ,0.0
azm7pBx,-0.15384615384615385
a8GdxXV,0.3333333333333333
apGKZzB,-0.09090909090909091
aO7oLAr,0.16666666666666666
a5Wp0vV,-0.11538461538461539
an4ePV5,-0.4
an4ePVq,-1.0
aWxB3eZ,0.6666666666666666
a7WvRGA,0.5
aBm9zjA,0.1111111111111111
amvq46d,0.0
a2WE62O,1.0
ayeEjm8,0.6666666666666666
avz2KXE,0.0
aqn4oVZ,0.0
awBNWmr,0.5
ayeEjvY,0.375
avz2KVZ,0.25
a1Wp3BD,0.0
aAeBzLZ,-0.5714285714285714
amvq4Oy,0.375
aWxB3PZ,0.0
ax9EqPb,0.0
an4eP0E,-0.13636363636363635
azm7pvN,-1.0
a2WE6Aw,-0.3333333333333333
adVyDMM,-0.09090909090909091
aQd6Wr2,0.0
aeDK8Ej,0.0
aZyqOo6,1.0
a5Wp0Ay,0.0
aBm9BMD,-0.3333333333333333
a5Wp0gy,0.0
a8GdQy3,0.0
awBNWj8,0.0
aBm9BVO,0.0
aR76qW2,-0.13043478260869565
a0Nvygn,0.3333333333333333
aO7oLED,0.0
avz2KEX,-0.1875
aMxeMnM,0.0
apGKZ79,1.0
aAeBzAo,-0.3333333333333333
a43pO71,0.4
aLw67og,-0.25
a5Wp03L,-0.3333333333333333
a9njg4Z,0.2
abG3n8B,-0.11764705882352941
aZyqOYn,0.0
aWxB3Dn,0.0
a6KrYRe,0.4
aYyjX50,0.0
aR76qpq,0.0
aP76qzn,-0.1111111111111111
aoPmQng,0.2
aP76bqg,0.6666666666666666
a6KrYg9,-0.5333333333333333
avz2K9O,-1.0
a5Wp0YL,-0.14285714285714285
aK74oog,-0.2857142857142857
aGdK44w,-0.3333333333333333
aoPmQ73,0.125
a8Gdxgp,0.0
a3wvXre,0.0
aBm9BzD,-0.5
aqn4ooP,0.0
aZyqOOV,-0.3333333333333333
aYyjX3w,0.0
a7WvRRm,0.0
a8GdxvV,-1.0
a1Wp3yR,-0.3333333333333333
aLw6775,-0.5
an4eP4z,0.0
aXgZ6yb,0.0
a9njggm,0.0
aBm9BBx,0.0
apGKZZW,1.0
a5Wp0Oo,1.0
a0NvyrL,-1.0
aGdK4NZ,1.0
ayeEjAq,0.5
aYyjXPx,-0.16666666666666666
agArzWq,-0.13793103448275862
aR76qnA,0.0
amvq4Zv,-0.2857142857142857
aGdK45w,-0.5
aGdK44z,0.0
agArzP1,-0.3333333333333333
an4ePgV,0.0
ayeEjby,0.0
a3wvXVQ,0.034482758620689655
aAeBz7o,0.0
aeDK8nm,-0.14285714285714285
aD4ReyN,0.75
aGdK4W7,-0.23076923076923078
an4ePmz,-0.5
aoPmQrm,-1.0
aK74o0O,0.0
ax9EqxW,0.0
aeDK8zj,0.3333333333333333
aK74oQ6,-0.5
a9njgom,0.5
azm7ppq,1.0
aO7oLg3,-0.2727272727272727
aLw67YP,-0.2
aD4Rey7,0.3333333333333333
arV17PX,0.0
aXgZ682,-0.13333333333333333
aeDK8LB,-0.3333333333333333
awBNWR1,-0.13793103448275862
a2WE6Qp,0.2
aP76E6B,-0.46153846153846156
aQd6W0w,-1.0
aoPmvme,-0.21621621621621623
aBm9A9Q,-0.45454545454545453
aZyq6q3,-0.5
a9njxjL,0.0
abG3N3v,-0.4
a0Nvy6d,0.4
aEPdmKx,-0.16666666666666666
azm7pQj,-1.0
adVyDZ2,0.14285714285714285
aqn4P4R,0.5
a2WE3Ep,-0.14285714285714285
ax9ELEn,0.0
aoPmQw3,0.0
aj9QzQ1,0.14285714285714285
aK74oR6,0.6
aXgZ6mv,-0.5
a6Kr0r2,0.4117647058823529
aj9Qe21,0.0
awBNEND,0.25
aeDK8w5,0.0
aYyjXzm,-1.0
aVwjpzM,-0.29411764705882354
aYyj3jm,-1.0
amvqeNo,-0.375
azm7pyN,1.0
aBm9ARQ,-1.0
adVyDAM,0.0
aLw67jA,0.5
agArz2x,-1.0
azm7Wgm,0.09090909090909091
a5WpOpg,-0.09090909090909091
a8GdxZQ,0.0
arV1Qv0,-0.1
a7WvYvw,0.0
abG3njv,0.0
a2WE6eZ,0.0
aO7oMoR,-0.5
abG3nn8,-0.25
aD4RKAx,0.3333333333333333
a7WvRjw,-0.5
a3wv6Yr,-0.5
aVwjyBO,-0.25
ax9ELNp,-0.1
aZyqOG9,-0.5
avz2M0W,-0.12
arV17j5,0.5
avz2MpW,0.0
aEPdmLG,0.2
aAeBzjE,0.0
a7WvRzL,-0.5
aLw67qv,1.0
aQd6WGw,-0.6666666666666666
a8GdRLd,0.3333333333333333
aO7oL9v,-0.75
aEPdmOM,-0.5
aO7oMqM,0.16666666666666666
a2WE3Y1,-0.2857142857142857
an4emXn,-0.5
aoPmv0w,0.6666666666666666
aVwjpOM,-0.14035087719298245
azm7pDB,-0.3333333333333333
a0Nvr8B,0.2
a1WpyeP,0.17391304347826086
ax9ELG1,0.0
apGK4BE,-0.6666666666666666
aK74orO,-1.0
adVyGpB,0.3333333333333333
a3wvXD5,0.0
avz2MgX,-0.1111111111111111
a1WpyYP,0.1111111111111111
amvqe0d,-0.16666666666666666
a43pOvv,0.0
avz2MZW,0.3
an4emB0,0.3333333333333333
a3wv6L3,0.0
aj9QzrG,1.0
a2WE3q1,1.0
amvqe8j,-0.1
an4emBn,0.16666666666666666
aP76E4V,0.0
aYyj3wx,0.25
aj9QvRG,0.0
ayeEbnp,0.45454545454545453
awBNEbr,0.3333333333333333
apGK40E,-0.22727272727272727
ayeEb5r,0.0
aWxBrWK,0.0
agArDVx,-0.09090909090909091
a8GdRje,0.25
aqn4P57,0.25
aMxeoGG,0.5
a2WE649,0.0
aO7oMv2,-0.05555555555555555
aBm9Aw1,-0.2222222222222222
aP76EMR,0.0
a9njxPD,0.2
a7WvYdb,-0.4
aoPmv90,-0.2727272727272727
aO7oMdN,-0.2
amvqezj,0.25
a43pXYp,0.23076923076923078
aLw6ZDz,0.10526315789473684
aLw6ZMz,-0.125
an4emN0,0.0
aAeB8wp,0.0
abG3NpO,0.3333333333333333
aeDKnpW,-0.36363636363636365
aeDKn0W,1.0
ax9ELgK,0.0
a43pOOw,0.0
aj9Qzqx,0.5
aqn4odM,0.0
awBNE5W,-0.8
agArDLw,-0.5
a8GdR8Y,-0.5
an4emjq,-0.5
ayeEb8M,0.0
a9njgpj,0.0
an4em10,0.5
aXgZyb6,0.0
an4emyq,-0.3333333333333333
azm7Wqj,0.08695652173913043
aBm9A8Z,-0.375
aeDKn6v,0.0
adVyG7Z,0.2
aLw6Z9M,-0.5
aMxeo8V,0.0
aGdKmx6,0.0
a9njxA6,0.2
aR76b3Q,0.2857142857142857
aYyj3gN,0.0
aZyq63z,-0.20512820512820512
avz2M7O,-1.0
aWxBr6q,-0.2222222222222222
awBNEx4,1.0
aNgm7K0,0.0
aeDKnMO,0.42857142857142855
aVwjp3w,0.26666666666666666
aVwjpYw,0.3333333333333333
aMxeorM,1.0
azm7WVZ,0.3333333333333333
aNgm7YK,0.05555555555555555
azm7W9x,-0.2857142857142857
azm7W9B,0.0
aD4RKG9,0.5
ayeEbXb,0.0
azm7WLZ,0.0
a6Kr0oA,0.058823529411764705
aqn4P7M,-1.0
aD4RKzw,0.5
aGdKmZZ,0.3
aZyqKr9,0.0
aR76b07,0.0
aK74Qxj,0.25
aZyq5o3,0.09090909090909091
abG3NGX,0.15789473684210525
apGK4En,-0.5
adVyGVQ,-0.3333333333333333
amvqer2,-0.4
aD4RK4K,-0.2
a9njxEj,0.10714285714285714
aVwjp02,1.0
aqn4Pjj,0.0
aP76E3G,-0.2857142857142857
a3wv6E5,-0.5
aj9Qz90,0.0
a43pXRy,0.2
aEPd9px,-0.028169014084507043
aAeB8x0,0.3333333333333333
aqn4PnZ,0.0
a9njxRZ,0.2
aR76bX2,0.4
apGK4N9,0.10526315789473684
a5WpOWV,0.6666666666666666
a7WvYwz,0.0
aVwjp7y,0.08333333333333333
aK74QqN,-0.25
aBm9AmN,0.4
avz2MAZ,-0.25
a1WpyWD,1.0
a2WE3Ww,-0.3333333333333333
awBNEBy,-0.5
a3wv615,0.07692307692307693
aVwjpwy,0.2857142857142857
amvqevy,1.0
a7WvY1r,0.11764705882352941
awBNWPy,1.0
aP76EZG,0.0
a0NvrZn,-0.5
adVyGgM,-0.16
aD4RK4O,-0.2857142857142857
a9njxnZ,0.3333333333333333
aEPd98x,-0.6666666666666666
a8GdR31,-0.2
aD4RKDK,0.5
aeDKnQj,-0.3333333333333333
aeDKnQ5,0.0
arV1Qny,-0.3333333333333333
aVwjpxy,-0.2777777777777778
a7WvYqe,-0.25
aXgZynz,0.0
aEPd9qo,-0.5
aqn4PeY,-0.25
amvqe22,0.0
avz2MQ5,-0.125
a3wv6Ze,0.0
aLw6Zw6,0.4
awBNE7B,0.0
aXgZyjv,0.0
aO7oMxE,0.2
aYyj3V0,0.18181818181818182
apGK4R8,0.5
aYyj3eO,0.5
aAeB8eo,-0.5
aLw6ZnA,0.0
an4em7B,-0.1111111111111111
arV1776,-1.0
aYyjX6q,-0.25
a7WvYoe,-0.4
a3wv64e,0.0
aAeBzeE,0.5
aP76Egg,-0.5384615384615384
aQd6LEz,-0.6
a3wvDW1,-0.42857142857142855
aoPmQ5A,-0.5
aMxeoVP,0.0
a9njxzK,0.0
azm7W5K,0.16666666666666666
a1Wpy7v,0.05555555555555555
azm7W5q,0.2857142857142857
aGdKmp5,-0.07692307692307693
aQd6Lzz,-0.6666666666666666
aAeB8Qd,-0.25
abG3NVr,1.0
aeDKnAj,0.0
a5WpO6o,-0.1111111111111111
aoPmv3A,0.1
a6Kr0Ze,0.25
avz2M1d,0.25
arV1Qyd,0.047619047619047616
aWxBrp3,0.0
apGK43W,-0.4
aXgZyNb,-0.5
agArDOq,-0.1
aAeB8Rg,-1.0
avz2Med,-0.13636363636363635
adVyG1V,-0.12903225806451613
a2WE3Rw,-0.5
amvqe1V,0.375
aD4RK77,0.0
aD4RKnN,0.0
aWxB3qx,1.0
aj9QzLq,-0.3333333333333333
an4emnV,0.014084507042253521
a9njxzm,0.25
arV1QX5,-0.125
aVwjyZK,0.4444444444444444
azm7WXx,0.125
a0Nvr6Z,0.25
apGK46p,-0.04
aP76EoK,0.25
aD4RK7G,0.375
agArDgK,0.5
aXgZ6XD,0.0
agArDAg,0.21428571428571427
aQd6Lvr,0.0
aQd6L7w,0.0
aGdKm8z,-0.3333333333333333
aBm9ALz,-0.6666666666666666
aR76bZA,0.25
aqn4PXP,1.0
a43pXNv,0.42857142857142855
avz2Mxn,-0.14285714285714285
azm7WGz,-0.14285714285714285
aBm9A6P,-0.4444444444444444
aBm9AEQ,0.07692307692307693
apGK4Pp,-0.07692307692307693
ayeEbWX,0.20512820512820512
aeDKnVB,1.0
aGdKmM7,-0.03125
a9njx2L,0.0
aeDKnxp,0.0
aLw6ZAv,0.2
agArD81,0.6666666666666666
amvqeG4,1.0
aQd6W7K,0.0
aWxBrb4,-0.058823529411764705
azm7WRb,-0.13333333333333333
ax9ELRn,-0.5
aXgZyW2,0.2
aNgm74G,0.0
aVwjpZn,-0.6
aBm9BEO,-0.3333333333333333
ax9EL6W,-0.3333333333333333
aD4RK8N,0.07142857142857142
aYyj3PV,-0.1
a8GdR0Q,-0.6
aNgm7Qv,0.0
aP76EXP,-0.1702127659574468
a2WE319,0.5
a7WvYN2,-0.2857142857142857
aBm9AGQ,-0.25
abG3NWb,-1.0
aQd6Lme,-0.07142857142857142
aK74QGg,0.0
aVwjp2M,-0.4
aMxeoXX,-0.5
aGdKm87,-0.2
ayeEb6X,0.0
awBNEYr,-0.625
awBNWLB,0.0
a8GdRpY,-1.0
amvqe9j,-0.3333333333333333
abG3NQE,0.5
aqn4PYp,0.2
a2WE68Y,-1.0
aoPmv2g,0.0
aeDKn2p,0.0
aBm9A4O,-0.028985507246376812
aLw6ZXW,0.6666666666666666
a8GdRV3,-0.15625
a2WE6Oe,0.0
aD4RKZB,0.5
a7WvY9w,-0.07692307692307693
aO7oMGv,0.25
a8GdRVe,-0.2
an4emrb,-0.5
ax9EL41,0.0
aqn4Pzp,-0.5
aD4RKMZ,0.125
aYyj3mx,-0.16666666666666666
abG3NBv,0.0
arV1Qzp,-0.32
aVwjpVM,-0.18181818181818182
aMxeoOX,-0.25
aXgZye9,-0.3333333333333333
aNgm730,-0.13043478260869565
awBNEvB,0.3333333333333333
a8GdRm6,-0.5
aQd6LVK,0.3333333333333333
a7WvYnx,-0.14705882352941177
aR76bO5,0.0
an4emVn,-0.1111111111111111
a9njxBD,-0.2608695652173913
arV1QB0,0.2857142857142857
abG3N2E,0.0
apGK41W,-0.05263157894736842
azm7WQZ,0.0
aYyj3dx,-0.3684210526315789
a5WpOBo,0.0
aBm9AvO,0.2
a9njxqK,0.05555555555555555
aD4RKPZ,0.0
aNgm7Vv,1.0
amvqedj,-0.1
a9njxVo,0.0
aK74QL1,0.2857142857142857
aeDKnRQ,0.0
azm7WBp,0.25
aVwjp18,0.0
aAeB8EL,-0.75
aBm9AoO,-0.2857142857142857
a43pXmp,-0.1111111111111111
a9njxVD,0.21052631578947367
a5WpOyq,0.2857142857142857
an4emW0,-0.2727272727272727
avz2MeM,0.0
aGdKmN6,-0.3
aBm9ANA,-0.5
aqn4PDv,0.5
aMxeoNG,0.0
arV1QrV,0.21052631578947367
aR76bNM,-0.2
arV1Q9V,0.4166666666666667
aLw6ZVM,-0.16666666666666666
ayeEbZM,-0.125
a8GdRnO,0.0
a2WE39O,-0.6666666666666666
aYyj3ZO,0.0
adVyGeD,0.16666666666666666
aAeB8P9,0.5
aNgm784,0.125
agArD6x,-0.3
aqn4PVQ,-0.02564102564102564
aD4RKr9,0.0
a8GdRvY,-0.2777777777777778
azm7Wop,-0.09090909090909091
a8GdRze,0.0
apGK4dE,0.45454545454545453
aqn4PGj,-0.2
a0NvrDz,-0.3
azm7WPz,-0.1875
aMxeo6V,-0.2857142857142857
ax9ELA1,-0.5
ayeEbAY,-0.2
a5Wp0Qg,0.0
an4ePwB,0.0
aYyj3Bv,-0.75
aK74QXb,-0.34615384615384615
aAeB8Lp,-0.15789473684210525
a2WE3Ae,0.0
aAeB8N9,-0.10526315789473684
a43pXBQ,0.125
a1WpynG,0.0
aO7oM4y,0.0
azm7Wyx,0.0
aoPmvon,-0.14285714285714285
ayeEbrb,0.0
aZyq6Xz,-0.7777777777777778
aGdKmvZ,0.42857142857142855
a9njxw6,-0.46153846153846156
a7WvYVL,-0.5
aBm9Az1,-0.16666666666666666
aj9QzVR,-0.3333333333333333
aR76bdQ,0.0
aMxeo0V,0.25
aeDKnDq,0.0
adVyGw9,-0.4117647058823529
aD4RK5d,0.0
a9njxNo,-0.25
adVyGWZ,0.0
azm7Wyj,-0.5384615384615384
a1Wpy8G,0.125
aqn4POQ,-0.3333333333333333
aD4RKLw,-0.14285714285714285
aD4RK9d,-0.5
aBm9BO1,-1.0
aqn4PwM,-0.14285714285714285
aAeB8Ap,-0.3333333333333333
aLw6Z4P,0.0
aD4RKvO,-0.2571428571428571
aGdKmvK,0.0
a9njx06,0.16666666666666666
aLw6Z76,-0.75
aD4RKP9,0.06666666666666667
a8GdRO1,-0.6666666666666666
aVwjp6w,0.0
ax9ELr2,0.7142857142857143
a3wv6Wr,-0.375
a5WpOEy,-1.0
aj9Qze0,0.23076923076923078
a0Nvrqv,0.0
aR76bpQ,0.6666666666666666
aNgm7Gb,0.0
aeDKnEb,-0.6666666666666666
a43pXrp,-1.0
aP76E0R,0.3333333333333333
aBm9ABN,-0.3333333333333333
aMxeoMR,-0.23529411764705882
azm7W3x,0.25
awBNEWy,0.06060606060606061
aVwjp8O,-0.25
apGK4ZB,-0.5
aWxB38Z,-1.0
aoPmvwn,0.0
aNgm7Ew,-0.5
aBm9AAD,-0.16129032258064516
aAeB88o,1.0
aXgZy6v,0.0
aGdKmm5,-0.2
a1Wpy52,0.14285714285714285
a0NvrBn,-1.0
aWxBrzx,0.0
ax9ELLM,-0.6
awBNEP4,-0.25
aYyj39q,-0.4166666666666667
a6Kr0P9,0.06666666666666667
ax9EL5Y,0.09090909090909091
agArDzg,-0.6
aAeB8jo,-0.16666666666666666
aQd6LG8,0.4
azm7Wjp,-0.08333333333333333
aK74QRZ,-0.8571428571428571
aO7oMwD,0.06666666666666667
avz2MNZ,0.0
a1Wpy98,0.0
a43pXDd,-0.2972972972972973
a0Nvr2n,0.16666666666666666
aR76bDj,0.0
amvqejX,-0.037037037037037035
aQd6L08,0.16666666666666666
aO7oMXD,0.18181818181818182
aD4RKEK,-0.2857142857142857
aMxeo3A,-0.25
awBNEG4,0.0
agArDPK,-1.0
aK74QoW,0.5
a8GdRNY,0.0
aR76bMB,0.0
ayeEbj8,-0.5
a6Kr0ve,0.5
an4emLo,0.4
abG3NnX,-1.0
aZyq6Gp,-0.08333333333333333
a3wv69e,-1.0
aAeB850,0.4
aqn4P3Y,0.09090909090909091
aGdKmW5,0.0
aoPmvr3,0.0
abG3N9r,0.058823529411764705
aO7oMgE,-0.13333333333333333
aVwjpGP,0.0
aWxBr3Z,0.18181818181818182
aWxBrK2,0.16666666666666666
a5WpOmL,-0.14285714285714285
azm7W6q,-0.1
aBm9ApD,0.6666666666666666
arV1QPd,0.16666666666666666
aQd6Lwz,0.0
azm7WNq,0.0
a2WE3QE,-0.6666666666666666
adVyGmM,0.1875
a1Wpyob,-0.375
aVwjp5w,-0.25
avz2Mb5,1.0
aR76bxq,-0.25
aGdKXKw,-0.1111111111111111
aMxeopP,-0.2
azm7WOb,0.0
a2WE3e9,1.0
aeDKnvj,-0.2
a8GdZd6,-0.09090909090909091
aVwjAjP,0.2
aGdKmX5,-0.42857142857142855
aD4RyRG,-0.6
aR76nwA,0.4166666666666667
a2WEezZ,-0.06451612903225806
aoPmvB3,0.0
a9njobm,-0.14285714285714285
azm7ngK,-0.5
a7WvQvm,0.0
agArW3q,0.5
ayeEbPp,0.21428571428571427
aeDKLjm,0.3333333333333333
aZyq69n,-0.5
a1WpyxP,1.0
a8GdRrp,0.25
a0Nvrmq,0.4
ayeEG7y,0.0
aNgm7p3,-0.3333333333333333
aYyj9Nw,0.0
agArWyq,0.13636363636363635
a1Wp9AR,-0.7142857142857143
aEPd3vK,0.2
a2WEeNZ,-0.16666666666666666
a8GdZdp,0.3333333333333333
awBNEDW,0.6666666666666666
a9njodm,0.0
azm7n7K,0.3333333333333333
avz2N0d,-0.08333333333333333
aBm9pKz,-0.8
aD4Ry0N,0.09090909090909091
aLw6ZYA,0.0
aMxegb1,0.0
aWxBz06,0.0
aGdKXV7,-0.3333333333333333
aD4Ry07,0.0
aXgZB0b,0.0
aAeBjBE,0.25
aXgZBEg,-0.25
aVwjpqO,-0.19230769230769232
aqn409P,0.05263157894736842
aeDKB9v,-0.5555555555555556
apGKOKW,-0.25
a6Kr0Yb,0.0
an4emj5,1.0
aXgZBpg,0.0
arV1Y45,-0.5
aVwjpdK,-1.0
a9njx3K,0.0
aeDKLKm,0.0
ayeEG0X,0.0
aeDKL0B,-0.5
aeDKnwO,0.05555555555555555
aAeB8XR,-1.0
ax9E52W,1.0
aP765yK,0.42857142857142855
amvq304,0.0
aVwjAWn,-0.16666666666666666
aXgZBX2,-0.2222222222222222
aLw6xPP,-1.0
a3wvmL8,0.0
a9njoPL,0.1111111111111111
a9njoM0,-0.6666666666666666
aZyqeP9,0.5
aNgmNov,0.0
a7WvQbw,-1.0
agArW01,-0.25
abG370v,-0.07142857142857142
aAeB8q9,-0.6666666666666666
aoPmXje,0.16666666666666666
azm7nEz,0.25
aVwjpy2,0.0
aNgmNZv,0.34375
aEPd3zp,0.4
a8GdR5V,0.0
aGdKXD0,0.16666666666666666
aBm9p1Q,0.0
aYyj9wm,0.0
apGKOBD,0.14285714285714285
aR76nVy,-0.16666666666666666
aBm9p12,0.0
aLw6x9W,0.16666666666666666
a9njoYL,-0.25
a3wvm3Q,0.4444444444444444
aeDKL6Q,-0.18181818181818182
aj9Qp0q,0.1
a0NvBjB,-0.03333333333333333
aqn405R,-0.6428571428571429
a1Wp9M6,-0.6666666666666666
aR76ne5,0.0
a6KrPQR,-0.14285714285714285
aO7oMRM,-0.6666666666666666
aVwjpEv,0.0
aNgmNKG,-0.45454545454545453
a5Wp4ZN,0.2727272727272727
avz2NnW,0.6
a3wv628,0.0
aqn40Lp,-0.25
amvq3zo,-0.6666666666666666
a7WvQZ2,-0.6666666666666666
a7WvRDr,1.0
azm7nbz,-0.1111111111111111
aEPd31G,0.0
agArWqr,-0.2
aLw6xBv,0.14285714285714285
an4e6bb,0.0
a9njor1,-0.3888888888888889
aMxegwX,-0.7142857142857143
aVwjAqK,-0.5
aj9Qp6q,0.5
a9njo7L,-0.1111111111111111
avz2NGW,0.05555555555555555
aP765BV,-0.3
aeDKLbQ,-0.16129032258064516
ayeEG8r,0.5
aEPd3Y9,0.0
aZyq6pW,1.0
aO7owrv,0.2
arV1Y5p,-1.0
aqn401v,-0.12
aO7owBv,-0.3
aD4RyzZ,-1.0
abG37z9,-0.045454545454545456
avz2NOX,-0.5
aD4RyWx,-0.16666666666666666
aK74RD1,-0.75
a7WvQ3b,0.2222222222222222
aj9Qp88,-0.4
aj9QpDG,-0.1111111111111111
a2WEeo1,0.07142857142857142
awBNEz8,-0.3333333333333333
aAeBjx9,-0.42857142857142855
aGdKXj6,0.0
ax9E5ZW,1.0
aP762WB,-0.5
aP76bpQ,-0.3333333333333333
aBm9p0A,-0.3333333333333333
aO7oGXM,0.0
aD4Ryx9,0.25
aLw6xgM,-0.2
aLw6x0M,0.043478260869565216
azm7n8Z,0.5555555555555556
amvq3Bj,0.0
aP7659V,-0.3333333333333333
avz2NgM,0.0
aBm9pxA,-0.21739130434782608
ayeEGBM,0.5
an4emmE,-1.0
aZyqe7W,-0.3333333333333333
aGdKXg6,0.0
ax9E5zb,-1.0
an4emw5,0.0
agArznW,0.5
amvq32d,0.3333333333333333
a9njoKo,-0.16
aAeBjD2,-0.3333333333333333
a43pXq6,-0.1111111111111111
aP7657R,-0.2
aVwjA08,0.3333333333333333
amvq3v2,-0.2
aoPmXPg,-0.3888888888888889
avz2Nob,0.08333333333333333
aGdKmdG,-0.25
aeDKLDb,0.5
aEPd3PM,-0.25
aAeBjep,0.6666666666666666
a8GdZGY,0.11764705882352941
aGdKXpK,-0.36363636363636365
aAeBjrL,0.0
adVyEVZ,-0.3333333333333333
a9njoRo,0.5
a9njoEW,-0.3157894736842105
aAeBjx2,0.0
abG37VO,-0.23076923076923078
avz2N5O,0.125
ayeEGMY,0.0
aMxegxV,0.0
a43pv3Q,-0.4
aWxBzW6,-0.2857142857142857
aAeBjGp,-0.15789473684210525
agArWBw,-0.25
a5Wp4PG,0.2857142857142857
aK74Q96,0.16666666666666666
aP7653R,-0.4
aGdKXzK,0.0
an4e6g5,-0.5
agArWAw,0.0
amvq37j,-0.2
aGdKXzZ,-0.2
a3wvmEN,-0.2222222222222222
a5Wp4EO,-0.125
aD4RyDw,0.0
a1Wp9rG,0.25
aNgmNdr,-0.25
awBNwBW,-0.5
aNgmNgb,0.2
aMxeg4W,-0.16666666666666666
a7WvQ1A,-0.16666666666666666
aK74R6b,-0.058823529411764705
aqn40nQ,0.0
a5Wp4Mq,0.0
aYyj9YO,-0.25
aeDKngj,-0.3333333333333333
aR76nEQ,-0.06666666666666667
ayeEG9b,0.11764705882352941
agArDZx,0.5
aVwjAbw,0.0
aYyj9VN,-0.4
aR76ngB,-0.3333333333333333
aoPmXMg,0.25
aO7ow3N,-0.21428571428571427
aMxegZG,-1.0
apGKO9M,0.0
a5Wp4Xr,0.0
adVyEB9,-0.32142857142857145
aD4Ry2d,-0.5
amvq3g6,0.0
ayeEbzp,0.5
avz2NyE,0.2
an4e6z5,0.09090909090909091
a43pvPy,0.5
a3wvmZm,0.8
azm7WZb,0.3333333333333333
a43pvoA,-0.2
a2WEevd,-0.6
a7WvQoz,0.0
aVwjAg2,-0.1
aBm9pyN,0.3333333333333333
a6KrPqA,0.3333333333333333
a9njozZ,-0.03571428571428571
aK74R1W,-0.5
a43pv1A,0.0
a8GdZ71,-0.36363636363636365
azm7n5B,-0.3333333333333333
aeDKL4q,-0.5
azm7nXp,-0.27419354838709675
aAeBjQZ,0.08333333333333333
an4e64q,-0.3333333333333333
avz2NWq,-0.6
azm7nXZ,0.6666666666666666
an4e6RE,0.0
a0NvBoQ,0.0
aK74RGj,0.0
a1Wpymv,0.0
a7WvQDx,-1.0
an4e6Ro,1.0
agArW1g,-0.5714285714285714
ax9E5WM,0.0
aWxBz7Z,-0.16666666666666666
a43pvzd,-0.1111111111111111
a9njovj,0.25
aWxBzLx,0.11764705882352941
arV1YAy,-0.18181818181818182
agArWQg,0.0
ayeEG4q,-0.6666666666666666
aR76n47,0.0
aD4Re6x,-0.3333333333333333
azm7ndN,0.1111111111111111
a7WvQ8z,-0.14285714285714285
a0NvBVn,-0.25
aMxegmA,0.375
avz2NQE,-0.5
aD4RynK,-0.34782608695652173
aAeBj6Z,0.3333333333333333
apGK7AD,0.0
aAeB83Z,0.0
aVwjAEy,0.0
aQd6Gx7,-1.0
an4e6no,-0.5
aP765oG,0.0
agArWov,-1.0
amvq36X,-0.11764705882352941
adVyEvQ,0.0
arV1YWK,-1.0
aR76nZ2,0.6666666666666666
aNgmNQ3,-1.0
avz2NeZ,0.4
a3wvm1m,-0.4
a0NvBXQ,1.0
a43pvNd,-0.3333333333333333
a8GdZ8e,1.0
ayeEGq8,-0.6666666666666666
aeDKLOj,0.5
aLw6xMW,0.0
an4e62o,-0.14285714285714285
avz2N1q,-1.0
aQd6GAz,-0.07692307692307693
ax9E56Y,-0.4
aR76nPB,0.0
aEPd3oo,0.0
aGdKXGw,-0.09523809523809523
aBm9p6N,-1.0
aVwjAZP,0.0
a9njo8K,0.0
a43pXZQ,0.5
avz2Nx5,0.0
a7WvQ0r,1.0
a1Wp908,0.0
an4e6EB,0.0
aeDKLMW,1.0
ayeEGWV,-0.3333333333333333
a5Wp4zL,0.2
aXgZB7z,0.0
aAeBjKo,0.75
aBm9pEx,-0.25
aZyqeEn,-0.26666666666666666
a1Wp9ND,1.0
agArW8W,-0.2
aK74Reg,-0.6666666666666666
a2WEe09,0.0
aGdKXAz,-0.25
aoPmXLA,0.11627906976744186
aEPd3Wo,-0.058823529411764705
avz2NR5,-0.09090909090909091
aj9Qp9x,0.0
a8GdRXO,1.0
aMxegX6,-0.3333333333333333
aD4RyX7,-0.2
a0NvBEL,-0.36363636363636365
agArW2q,-0.3333333333333333
a43pvA1,0.5
aeDKL7m,-0.043478260869565216
aVwjAVd,0.125
adVyEoV,0.2
a43pvqw,-0.34615384615384615
aBm9pOP,-0.6666666666666666
aj9QpZp,-0.5
aYyj9Aw,0.3333333333333333
aqn40zP,-0.5
aEPd3DK,0.2
azm7nOq,-0.25
aNgmNOA,0.2
aWxBzo2,-0.5
aR76nRB,0.012195121951219513
aZyqe2V,0.0
aO7owp3,0.25
aGdKXO7,-0.2
aEPd3EG,-0.16666666666666666
an4e6Dz,-0.3333333333333333
a0NvBwZ,-0.42857142857142855
aZyq689,0.0
aD4RyMB,0.07407407407407407
ax9E5PD,-0.5
adVyEb2,0.2222222222222222
aeDKLRB,0.3
aAeB8A0,1.0
aeDKLdp,-0.1111111111111111
a8GdZnd,0.3333333333333333
ax9E5An,-0.09090909090909091
aGdKX85,0.0
aGdKXAw,0.0
a43pvxZ,0.3333333333333333
aMxegNx,0.0
avz2NPn,0.6666666666666666
agArWxW,0.1
a2WEexp,-0.42857142857142855
aYyj9Oq,0.5
aZyqejV,1.0
aMxegv6,0.6
avz2NdM,0.3076923076923077
arV1YrX,0.16666666666666666
aNgmNqG,0.3333333333333333
aQd6Gmz,-0.5
aYyj9dm,0.5555555555555556
azm7nDb,-0.3333333333333333
aVwjAWd,0.0
a8GdZ26,0.0
aVwjyD2,-1.0
amvq3Ko,-0.2857142857142857
ayeEG1V,0.14285714285714285
a3wvmnQ,0.0
agArWZ6,-0.25
abG37X8,1.0
aVwjAdn,-0.4
a5Wp49N,-0.6666666666666666
aR76nM2,-0.5
aqn40dR,-0.6
aGdKX77,0.5
aP765zP,0.04
a6KrP4R,-0.75
aWxBzmK,0.0
aj9Qp3G,0.0
apGKOD9,-0.3333333333333333
azm7nvm,-1.0
a43pvrZ,0.0
a6KrP32,0.25
ax9E5ep,0.0
agArWK1,-0.5454545454545454
a6KrPeR,-0.5555555555555556
ayeEGmr,0.0
arV1Yz5,0.0
aQd6G2r,-0.5
arV1YD0,0.0
aR76n95,0.0
a3wvmzr,0.09090909090909091
aXgZBLv,0.5
a8GdZv3,-0.375
aZyqeoQ,0.14285714285714285
a1Wp9mb,0.5
aNgmNV6,-0.4
ayeEGRy,-0.5
aLw6xOW,0.5
aMxegDX,-0.125
amvq3Mv,-0.5
aNgmN2G,0.09523809523809523
aAeBjmR,-0.2
aZyqeQn,0.0
aGdKXq0,0.0
a8GdZ2p,-1.0
aP765LV,0.0
aK74RZ1,-0.17647058823529413
ax9ELXY,0.5
avz2NqX,0.0
aNgmNDK,-0.5
aBm9pMO,-0.14285714285714285
aLw6x3x,0.0
apGKOzn,-0.6666666666666666
ayeEGrp,-0.5
a2WEeZO,-1.0
arV1Ywp,-0.42857142857142855
a0NvBqd,-0.5
aj9QpwQ,0.0
a0NvG9X,0.0
aAeBjbp,-0.2
aVwjA8K,-1.0
aAeBjA2,-0.2857142857142857
aEPd3K9,-0.125
a8GdZNe,-0.5
avz2NVX,-0.6666666666666666
a43pvWv,1.0
abG37KE,0.3333333333333333
aAeBj7g,-0.3
a5Wp4gE,-0.09090909090909091
aD4Ry5Z,0.2
aYyj9v2,0.0
arV1Yv6,0.0
aqn40Mv,-0.2
aVwjA58,0.5
aK74RO6,-0.11764705882352941
aGdKX56,-0.25
aBm9p5A,0.2
aR76ndj,-0.5
a7WvQm2,-0.25
aWxBzXq,0.3333333333333333
aR76npM,0.0
aMxeg7M,0.14285714285714285
aj9Qp48,-0.125
a9njo0o,0.3333333333333333
arV1YLV,-0.2222222222222222
a0NvB3X,0.6
aNgmN3v,0.0
a1Wp35P,-0.5
aLw6xox,0.0
a1Wp9gP,-0.5
aeDKLwW,0.0
aP765bw,0.6
a43pvOp,-0.05555555555555555
a9njoGo,0.15789473684210525
aLw6xEM,0.0
aoPmXde,0.2
aO7owAM,-0.25
a6KrP6L,-0.3333333333333333
agArWwn,-0.3333333333333333
aWxBz23,-0.5
a3wvmO1,-0.4166666666666667
aEPd96K,-1.0
an4e6P0,-0.125
amvq3Zj,-0.16666666666666666
ax9E5qb,-0.3076923076923077
aqn40E7,0.0
ayeEGjM,-0.42857142857142855
aeDKLnb,0.08695652173913043
a8GdZxO,1.0
aEPd39M,-0.25
aAeBjz9,0.125
agArWex,-0.2857142857142857
aoPmXQ0,-1.0
aXgZB6P,-0.25
aLw6xZz,0.2
a8Gdx0e,-1.0
a9njoe1,1.0
arV1YQB,-0.07142857142857142
aD4Ryyw,-0.14285714285714285
a5Wp4OO,0.0
aLw6x7M,0.5
aBm9pNQ,1.0
aAeBjjp,-0.46153846153846156
a1Wp9yG,0.15384615384615385
aBm9pp1,0.6
aP7655R,0.0
a8GdZZY,-0.26666666666666666
aK74RRb,0.1
azm7nob,-0.5
aWxBzYq,0.3333333333333333
aZyqeGz,-0.1
avz2NMO,0.07692307692307693
aeDKLBv,-1.0
aVwjANw,-0.5
agArWRv,0.0
an4e6A5,-0.21428571428571427
arV1YYB,0.0
a0NvBrz,-0.3333333333333333
aR76nqM,0.6666666666666666
a5Wp4mr,0.0
a1Wp94b,0.0
arV1YEp,0.0
aqn40qM,0.0
aXgZByd,0.0
apGKOOb,0.16666666666666666
a6KrPP8,0.16666666666666666
aVwjpbP,0.6
aAeBjnZ,-0.5
avz2Nbq,-0.125
aBm9p7Z,-0.5
aD4RyBO,-0.5
aeDKLvO,1.0
an4e6rV,-1.0
aMxegpR,-0.6666666666666666
aP76Eqq,-1.0
aBm9peA,-1.0
aQd6G02,-0.14285714285714285
aLw6y66,0.0
aD4RyEw,-0.6666666666666666
aVwjA8M,0.5
aBm9pLD,-0.2
ax9ELjb,-1.0
aBm9pDZ,0.0
aeDKL1q,0.0
aVwjAAO,-0.4
a3wvm9m,0.3333333333333333
awBNwwW,-0.2
amvq3D6,0.0
a9njooW,-0.25
ax9E55K,0.0
aGdKm0K,1.0
ax9E5rb,-0.3333333333333333
an4e6rz,-0.5
aVwjANO,0.0
abG3NE9,-0.4444444444444444
aYyj9XO,0.0
abG378p,-1.0
abG37PL,0.16666666666666666
a9njo3Z,0.0
adVyGyD,0.0
adVyEWj,0.0
aEPd3rN,-0.5
aZyqeKX,-1.0
amvq3d9,0.5
aEPd34n,0.6666666666666666
aP765Xn,0.3333333333333333
an4e6WL,-0.0625
aqn400Q,0.0
aWxBrn6,-1.0
aVwjA1n,0.0
an4e6jn,-0.5
aNgmNNb,0.0
aAeBj59,0.2
aGdKXPG,-1.0
awBNwLR,0.0
aEPd3Qp,-1.0
avz2NbE,-0.25
aR76beM,0.0
aAeB89Z,1.0
a9njo96,-0.2857142857142857
apGKOWM,1.0
aeDKLm5,-1.0
a9njo8j,-0.5
a7WvY7b,0.5
aR76bGG,0.0
a9njoNL,-0.5
aAeBjpR,-1.0
amvq3yo,0.6666666666666666
aqn4o8p,0.0
aGdKXB5,-1.0
a8GdZEY,-1.0
aeDKLNm,-0.3333333333333333
a8GdRdd,1.0
aqn4PvY,0.25
aAeBjdg,0.6666666666666666
ax9E5K1,0.2
apGKO69,1.0
ax9E59K,-0.8
an4em3q,0.0
amvq4Nj,0.0
aD4Ry9Z,-0.42857142857142855
azm7nbK,0.3333333333333333
apGKZeD,0.0
aD4ReX9,-0.5
a3wvXAr,0.0
a2WE6V9,0.0
aBm9pQz,0.0
aWxBrG2,0.25
a1Wp9x6,0.0
a9njopo,0.0
a3wvmer,-0.5
aGdKmMX,-1.0
aWxBrMq,-0.5
a8GdxOp,0.0
agArzBq,0.0
aZyqO5n,0.0
a8GdZOO,-0.2857142857142857
avz2Kxb,0.0
aZyq6zQ,1.0
a7WvYje,-1.0
a7WvQVe,1.0
ayeEGVW,0.5
agArDDg,0.0
aMxeMjP,0.0
a2WE6zO,1.0
aXgZ649,1.0
aj9QzYG,1.0
aMxeoP1,-0.5
a2WEeAY,-0.3333333333333333
aYyj3nO,0.0
aNgm724,0.0
an4e6ez,0.0
adVyD7M,0.0
aGdKX46,-1.0
amvq31y,1.0
avz2MqE,0.0
aQd6GB7,0.0
aZyqeDz,0.0
aP76bbn,0.0
aVwjy6P,1.0
a6KrY6e,0.0
arV1Ym7,0.0
amvq44V,0.0
aXgZBG2,1.0
aK74Rbj,-1.0
aGdKmbn,0.0
aqn40g7,1.0
aVwjAPn,-1.0
